#
# There is insufficient memory for the Java Runtime Environment to continue.
# Native memory allocation (malloc) failed to allocate 1180816 bytes. Error detail: Chunk::new
# Possible reasons:
#   The system is out of physical RAM or swap space
#   This process is running with CompressedOops enabled, and the Java Heap may be blocking the growth of the native heap
# Possible solutions:
#   Reduce memory load on the system
#   Increase physical memory or swap space
#   Check if swap backing store is full
#   Decrease Java heap size (-Xmx/-Xms)
#   Decrease number of Java threads
#   Decrease Java thread stack sizes (-Xss)
#   Set larger code cache with -XX:ReservedCodeCacheSize=
#   JVM is running with Zero Based Compressed Oops mode in which the Java heap is
#     placed in the first 32GB address space. The Java Heap base address is the
#     maximum limit for the native heap growth. Please use -XX:HeapBaseMinAddress
#     to set the Java Heap base and to place the Java Heap above 32GB virtual address.
# This output file may be truncated or incomplete.
#
#  Out of Memory Error (arena.cpp:168), pid=16932, tid=13088
#
# JRE version: OpenJDK Runtime Environment (21.0.9) (build 21.0.9+-14787801-b1163.94)
# Java VM: OpenJDK 64-Bit Server VM (21.0.9+-14787801-b1163.94, mixed mode, tiered, compressed oops, compressed class ptrs, g1 gc, windows-amd64)
# No core dump will be written. Minidumps are not enabled by default on client versions of Windows
#

---------------  S U M M A R Y ------------

Command Line: --add-opens=java.base/java.lang=ALL-UNNAMED --add-opens=java.base/java.lang.invoke=ALL-UNNAMED --add-opens=java.base/java.util=ALL-UNNAMED --add-opens=java.prefs/java.util.prefs=ALL-UNNAMED --add-exports=jdk.compiler/com.sun.tools.javac.api=ALL-UNNAMED --add-exports=jdk.compiler/com.sun.tools.javac.util=ALL-UNNAMED --add-opens=java.base/java.util=ALL-UNNAMED --add-opens=java.prefs/java.util.prefs=ALL-UNNAMED --add-opens=java.base/java.nio.charset=ALL-UNNAMED --add-opens=java.base/java.net=ALL-UNNAMED --add-opens=java.base/java.util.concurrent=ALL-UNNAMED --add-opens=java.base/java.util.concurrent.atomic=ALL-UNNAMED --add-opens=java.xml/javax.xml.namespace=ALL-UNNAMED --add-opens=java.base/java.time=ALL-UNNAMED -Xmx4g -Dfile.encoding=UTF-8 -Duser.country=US -Duser.language=en -Duser.variant -javaagent:C:\Users\thusi\.gradle\wrapper\dists\gradle-9.3.1-bin\23ovyewtku6u96viwx3xl3oks\gradle-9.3.1\lib\agents\gradle-instrumentation-agent-9.3.1.jar org.gradle.launcher.daemon.bootstrap.GradleDaemon 9.3.1

Host: Intel(R) Core(TM) i7-7700 CPU @ 3.60GHz, 8 cores, 7G,  Windows 11 , 64 bit Build 26100 (10.0.26100.9168)
Time: Sat Sep  5 15:42:19 2026 Sri Lanka Standard Time elapsed time: 34.971696 seconds (0d 0h 0m 34s)

---------------  T H R E A D  ---------------

Current thread (0x00000194ea96fbc0):  JavaThread "C2 CompilerThread1" daemon [_thread_in_native, id=13088, stack(0x0000000106b00000,0x0000000106c00000) (1024K)]


Current CompileTask:
C2:34971 19953       4       ksp.com.intellij.lang.impl.PsiBuilderImpl::insertLeaves (105 bytes)

Stack: [0x0000000106b00000,0x0000000106c00000]
Native frames: (J=compiled Java code, j=interpreted, Vv=VM code, C=native code)
V  [jvm.dll+0x6d6c99]
V  [jvm.dll+0x866b83]
V  [jvm.dll+0x8691ae]
V  [jvm.dll+0x869893]
V  [jvm.dll+0x280776]
V  [jvm.dll+0xc07cd]
V  [jvm.dll+0xc0d03]
V  [jvm.dll+0x3b9831]
V  [jvm.dll+0x3856a7]
V  [jvm.dll+0x384b1a]
V  [jvm.dll+0x249462]
V  [jvm.dll+0x248a31]
V  [jvm.dll+0x1c7344]
V  [jvm.dll+0x2581ae]
V  [jvm.dll+0x2566f6]
V  [jvm.dll+0x3f48a6]
V  [jvm.dll+0x80f118]
V  [jvm.dll+0x6d54ed]
C  [ucrtbase.dll+0x2cd30]
C  [KERNEL32.DLL+0x2ccb7]
C  [ntdll.dll+0xaad6c]


---------------  P R O C E S S  ---------------

Threads class SMR info:
_java_thread_list=0x00000194f1f3b940, length=87, elements={
0x00000194c64e76d0, 0x00000194e05522a0, 0x00000194e0578c30, 0x00000194e05792a0,
0x00000194e0594770, 0x00000194e0594de0, 0x00000194e059f8b0, 0x00000194e05a6170,
0x00000194e05ab680, 0x00000194e05b19e0, 0x00000194e501ad80, 0x00000194e724bbc0,
0x00000194e75d08b0, 0x00000194e6591680, 0x00000194e6919c40, 0x00000194e6389d10,
0x00000194e76d75c0, 0x00000194e76d6f30, 0x00000194e76da3b0, 0x00000194e76d7c50,
0x00000194e76d9d20, 0x00000194e76d82e0, 0x00000194e76d8970, 0x00000194e76d9000,
0x00000194e8f05c70, 0x00000194e8f04230, 0x00000194e8f06990, 0x00000194e8f076b0,
0x00000194e8f048c0, 0x00000194e8f083d0, 0x00000194e8f0ab30, 0x00000194e8f0a4a0,
0x00000194e8fedd80, 0x00000194e8fee410, 0x00000194e8feeaa0, 0x00000194e8fed060,
0x00000194e8fed6f0, 0x00000194e8fef7c0, 0x00000194e8fec340, 0x00000194e8ff1200,
0x00000194e8ff04e0, 0x00000194e8fefe50, 0x00000194e8ff0b70, 0x00000194e8ff1890,
0x00000194e8ff1f20, 0x00000194eb3997b0, 0x00000194eb39a4d0, 0x00000194e8047570,
0x00000194e8046850, 0x00000194e804a360, 0x00000194e8046ee0, 0x00000194e804a9f0,
0x00000194e8048fb0, 0x00000194e8048290, 0x00000194e8047c00, 0x00000194e804bda0,
0x00000194e804b080, 0x00000194e804b710, 0x00000194e804d150, 0x00000194e8049640,
0x00000194e804d7e0, 0x00000194eb39b1f0, 0x00000194eb39c5a0, 0x00000194eb39d2c0,
0x00000194e8f055e0, 0x00000194eb39d950, 0x00000194eb39cc30, 0x00000194eb39b880,
0x00000194f1724df0, 0x00000194f1726830, 0x00000194f1726ec0, 0x00000194f17261a0,
0x00000194f1727550, 0x00000194f1725b10, 0x00000194e8049cd0, 0x00000194f1725480,
0x00000194f1724760, 0x00000194f1729620, 0x00000194f1728f90, 0x00000194f172a340,
0x00000194f19fcc80, 0x00000194f19fe030, 0x00000194f1a00e20, 0x00000194ecdd3250,
0x00000194ecdd0af0, 0x00000194ecdd38e0, 0x00000194ea96fbc0
}

Java Threads: ( => current thread )
  0x00000194c64e76d0 JavaThread "main"                              [_thread_blocked, id=3200, stack(0x0000000100600000,0x0000000100700000) (1024K)]
  0x00000194e05522a0 JavaThread "Common-Cleaner"             daemon [_thread_blocked, id=10124, stack(0x0000000100e00000,0x0000000100f00000) (1024K)]
  0x00000194e0578c30 JavaThread "Reference Handler"          daemon [_thread_blocked, id=13724, stack(0x0000000100f00000,0x0000000101000000) (1024K)]
  0x00000194e05792a0 JavaThread "Finalizer"                  daemon [_thread_blocked, id=15688, stack(0x0000000101000000,0x0000000101100000) (1024K)]
  0x00000194e0594770 JavaThread "Signal Dispatcher"          daemon [_thread_blocked, id=15628, stack(0x0000000101100000,0x0000000101200000) (1024K)]
  0x00000194e0594de0 JavaThread "Attach Listener"            daemon [_thread_blocked, id=16872, stack(0x0000000101200000,0x0000000101300000) (1024K)]
  0x00000194e059f8b0 JavaThread "Service Thread"             daemon [_thread_blocked, id=6092, stack(0x0000000101300000,0x0000000101400000) (1024K)]
  0x00000194e05a6170 JavaThread "Monitor Deflation Thread"   daemon [_thread_blocked, id=8236, stack(0x0000000101400000,0x0000000101500000) (1024K)]
  0x00000194e05ab680 JavaThread "C2 CompilerThread0"         daemon [_thread_in_native, id=6356, stack(0x0000000101500000,0x0000000101600000) (1024K)]
  0x00000194e05b19e0 JavaThread "C1 CompilerThread0"         daemon [_thread_in_vm, id=6644, stack(0x0000000101600000,0x0000000101700000) (1024K)]
  0x00000194e501ad80 JavaThread "Notification Thread"        daemon [_thread_blocked, id=15256, stack(0x0000000101700000,0x0000000101800000) (1024K)]
  0x00000194e724bbc0 JavaThread "Daemon health stats"               [_thread_blocked, id=16444, stack(0x0000000101800000,0x0000000101900000) (1024K)]
  0x00000194e75d08b0 JavaThread "Incoming local TCP Connector on port 49861"        [_thread_in_native, id=17204, stack(0x0000000101e00000,0x0000000101f00000) (1024K)]
  0x00000194e6591680 JavaThread "Daemon periodic checks"            [_thread_blocked, id=5112, stack(0x0000000101d00000,0x0000000101e00000) (1024K)]
  0x00000194e6919c40 JavaThread "Daemon"                            [_thread_blocked, id=17220, stack(0x0000000102100000,0x0000000102200000) (1024K)]
  0x00000194e6389d10 JavaThread "Handler for socket connection from /127.0.0.1:49861 to /127.0.0.1:49862"        [_thread_in_native, id=14604, stack(0x0000000102200000,0x0000000102300000) (1024K)]
  0x00000194e76d75c0 JavaThread "Cancel handler"                    [_thread_blocked, id=6172, stack(0x0000000102300000,0x0000000102400000) (1024K)]
  0x00000194e76d6f30 JavaThread "Daemon worker"                     [_thread_blocked, id=4652, stack(0x0000000102400000,0x0000000102500000) (1024K)]
  0x00000194e76da3b0 JavaThread "Asynchronous log dispatcher for DefaultDaemonConnection: socket connection from /127.0.0.1:49861 to /127.0.0.1:49862"        [_thread_blocked, id=15944, stack(0x0000000102500000,0x0000000102600000) (1024K)]
  0x00000194e76d7c50 JavaThread "Stdin handler"                     [_thread_blocked, id=16088, stack(0x0000000102600000,0x0000000102700000) (1024K)]
  0x00000194e76d9d20 JavaThread "Daemon client event forwarder"        [_thread_blocked, id=14624, stack(0x0000000102b00000,0x0000000102c00000) (1024K)]
  0x00000194e76d82e0 JavaThread "Cache worker for journal cache (C:\Users\thusi\.gradle\caches\journal-1)"        [_thread_blocked, id=16348, stack(0x0000000102c00000,0x0000000102d00000) (1024K)]
  0x00000194e76d8970 JavaThread "File lock request listener"        [_thread_in_native, id=13612, stack(0x0000000102d00000,0x0000000102e00000) (1024K)]
  0x00000194e76d9000 JavaThread "Cache worker for file hash cache (C:\Users\thusi\.gradle\caches\9.3.1\fileHashes)"        [_thread_blocked, id=8228, stack(0x0000000102e00000,0x0000000102f00000) (1024K)]
  0x00000194e8f05c70 JavaThread "Cache worker for file hash cache (C:\laragon\www\signal-sc\signal-xpress-signal-app\.gradle\9.3.1\fileHashes)"        [_thread_blocked, id=15784, stack(0x0000000102f00000,0x0000000103000000) (1024K)]
  0x00000194e8f04230 JavaThread "Cache worker for checksums cache (C:\laragon\www\signal-sc\signal-xpress-signal-app\.gradle\9.3.1\checksums)"        [_thread_blocked, id=9108, stack(0x0000000103000000,0x0000000103100000) (1024K)]
  0x00000194e8f06990 JavaThread "Cache worker for Build Output Cleanup Cache (C:\laragon\www\signal-sc\signal-xpress-signal-app\.gradle\buildOutputCleanup)"        [_thread_blocked, id=3508, stack(0x0000000103100000,0x0000000103200000) (1024K)]
  0x00000194e8f076b0 JavaThread "Cache worker for file content cache (C:\Users\thusi\.gradle\caches\9.3.1\fileContent)"        [_thread_blocked, id=10252, stack(0x0000000103200000,0x0000000103300000) (1024K)]
  0x00000194e8f048c0 JavaThread "File watcher server"        daemon [_thread_in_native, id=11364, stack(0x0000000103300000,0x0000000103400000) (1024K)]
  0x00000194e8f083d0 JavaThread "File watcher consumer"      daemon [_thread_blocked, id=16200, stack(0x0000000103400000,0x0000000103500000) (1024K)]
  0x00000194e8f0ab30 JavaThread "Cache worker for cache directory md-supplier (C:\Users\thusi\.gradle\caches\9.3.1\md-supplier)"        [_thread_blocked, id=13920, stack(0x0000000102000000,0x0000000102100000) (1024K)]
  0x00000194e8f0a4a0 JavaThread "Cache worker for cache directory md-rule (C:\Users\thusi\.gradle\caches\9.3.1\md-rule)"        [_thread_blocked, id=8164, stack(0x0000000103500000,0x0000000103600000) (1024K)]
  0x00000194e8fedd80 JavaThread "Unconstrained build operations"        [_thread_blocked, id=2392, stack(0x0000000103700000,0x0000000103800000) (1024K)]
  0x00000194e8fee410 JavaThread "Unconstrained build operations Thread 2"        [_thread_blocked, id=15888, stack(0x0000000103800000,0x0000000103900000) (1024K)]
  0x00000194e8feeaa0 JavaThread "Unconstrained build operations Thread 3"        [_thread_blocked, id=7556, stack(0x0000000103900000,0x0000000103a00000) (1024K)]
  0x00000194e8fed060 JavaThread "Configuration cache report writer"        [_thread_blocked, id=16992, stack(0x0000000103600000,0x0000000103700000) (1024K)]
  0x00000194e8fed6f0 JavaThread "Unconstrained build operations Thread 4"        [_thread_blocked, id=9008, stack(0x0000000103b00000,0x0000000103c00000) (1024K)]
  0x00000194e8fef7c0 JavaThread "Unconstrained build operations Thread 5"        [_thread_blocked, id=15056, stack(0x0000000103c00000,0x0000000103d00000) (1024K)]
  0x00000194e8fec340 JavaThread "Unconstrained build operations Thread 6"        [_thread_blocked, id=9616, stack(0x0000000103d00000,0x0000000103e00000) (1024K)]
  0x00000194e8ff1200 JavaThread "Unconstrained build operations Thread 7"        [_thread_blocked, id=3960, stack(0x0000000103e00000,0x0000000103f00000) (1024K)]
  0x00000194e8ff04e0 JavaThread "Unconstrained build operations Thread 8"        [_thread_blocked, id=12512, stack(0x0000000103f00000,0x0000000104000000) (1024K)]
  0x00000194e8fefe50 JavaThread "Unconstrained build operations Thread 9"        [_thread_blocked, id=14660, stack(0x0000000104000000,0x0000000104100000) (1024K)]
  0x00000194e8ff0b70 JavaThread "Unconstrained build operations Thread 10"        [_thread_blocked, id=9872, stack(0x0000000104100000,0x0000000104200000) (1024K)]
  0x00000194e8ff1890 JavaThread "Unconstrained build operations Thread 11"        [_thread_blocked, id=3168, stack(0x0000000104200000,0x0000000104300000) (1024K)]
  0x00000194e8ff1f20 JavaThread "Unconstrained build operations Thread 12"        [_thread_blocked, id=17360, stack(0x0000000104300000,0x0000000104400000) (1024K)]
  0x00000194eb3997b0 JavaThread "Memory manager"                    [_thread_blocked, id=6916, stack(0x0000000103a00000,0x0000000103b00000) (1024K)]
  0x00000194eb39a4d0 JavaThread "build event listener"              [_thread_blocked, id=2912, stack(0x0000000104500000,0x0000000104600000) (1024K)]
  0x00000194e8047570 JavaThread "Build operations"                  [_thread_blocked, id=16400, stack(0x0000000104400000,0x0000000104500000) (1024K)]
  0x00000194e8046850 JavaThread "Unconstrained build operations Thread 13"        [_thread_blocked, id=16496, stack(0x0000000104700000,0x0000000104800000) (1024K)]
  0x00000194e804a360 JavaThread "Unconstrained build operations Thread 14"        [_thread_blocked, id=8156, stack(0x0000000104800000,0x0000000104900000) (1024K)]
  0x00000194e8046ee0 JavaThread "Unconstrained build operations Thread 15"        [_thread_blocked, id=6208, stack(0x0000000104900000,0x0000000104a00000) (1024K)]
  0x00000194e804a9f0 JavaThread "Unconstrained build operations Thread 16"        [_thread_blocked, id=1500, stack(0x0000000104a00000,0x0000000104b00000) (1024K)]
  0x00000194e8048fb0 JavaThread "Unconstrained build operations Thread 17"        [_thread_blocked, id=6232, stack(0x0000000104b00000,0x0000000104c00000) (1024K)]
  0x00000194e8048290 JavaThread "Unconstrained build operations Thread 18"        [_thread_blocked, id=4316, stack(0x0000000104c00000,0x0000000104d00000) (1024K)]
  0x00000194e8047c00 JavaThread "Unconstrained build operations Thread 19"        [_thread_blocked, id=15292, stack(0x0000000104d00000,0x0000000104e00000) (1024K)]
  0x00000194e804bda0 JavaThread "Unconstrained build operations Thread 20"        [_thread_blocked, id=3032, stack(0x0000000104e00000,0x0000000104f00000) (1024K)]
  0x00000194e804b080 JavaThread "Unconstrained build operations Thread 21"        [_thread_blocked, id=13904, stack(0x0000000104f00000,0x0000000105000000) (1024K)]
  0x00000194e804b710 JavaThread "Unconstrained build operations Thread 22"        [_thread_blocked, id=12528, stack(0x0000000105000000,0x0000000105100000) (1024K)]
  0x00000194e804d150 JavaThread "Build operations Thread 2"         [_thread_blocked, id=13976, stack(0x0000000105200000,0x0000000105300000) (1024K)]
  0x00000194e8049640 JavaThread "included builds"                   [_thread_blocked, id=11456, stack(0x0000000105100000,0x0000000105200000) (1024K)]
  0x00000194e804d7e0 JavaThread "Execution worker"                  [_thread_blocked, id=15648, stack(0x0000000105300000,0x0000000105400000) (1024K)]
  0x00000194eb39b1f0 JavaThread "Execution worker Thread 2"         [_thread_blocked, id=8120, stack(0x0000000105400000,0x0000000105500000) (1024K)]
  0x00000194eb39c5a0 JavaThread "Execution worker Thread 3"         [_thread_blocked, id=14164, stack(0x0000000105500000,0x0000000105600000) (1024K)]
  0x00000194eb39d2c0 JavaThread "Cache worker for execution history cache (C:\laragon\www\signal-sc\signal-xpress-signal-app\.gradle\9.3.1\executionHistory)"        [_thread_blocked, id=12304, stack(0x0000000105600000,0x0000000105700000) (1024K)]
  0x00000194e8f055e0 JavaThread "Unconstrained build operations Thread 23"        [_thread_blocked, id=16512, stack(0x0000000105700000,0x0000000105800000) (1024K)]
  0x00000194eb39d950 JavaThread "Unconstrained build operations Thread 24"        [_thread_blocked, id=9636, stack(0x0000000105800000,0x0000000105900000) (1024K)]
  0x00000194eb39cc30 JavaThread "Unconstrained build operations Thread 25"        [_thread_blocked, id=17316, stack(0x0000000105900000,0x0000000105a00000) (1024K)]
  0x00000194eb39b880 JavaThread "Unconstrained build operations Thread 26"        [_thread_blocked, id=8824, stack(0x0000000105a00000,0x0000000105b00000) (1024K)]
  0x00000194f1724df0 JavaThread "Unconstrained build operations Thread 27"        [_thread_blocked, id=17016, stack(0x0000000105b00000,0x0000000105c00000) (1024K)]
  0x00000194f1726830 JavaThread "Unconstrained build operations Thread 28"        [_thread_blocked, id=15940, stack(0x0000000105c00000,0x0000000105d00000) (1024K)]
  0x00000194f1726ec0 JavaThread "Unconstrained build operations Thread 29"        [_thread_blocked, id=16740, stack(0x0000000105d00000,0x0000000105e00000) (1024K)]
  0x00000194f17261a0 JavaThread "Unconstrained build operations Thread 30"        [_thread_blocked, id=8624, stack(0x0000000105e00000,0x0000000105f00000) (1024K)]
  0x00000194f1727550 JavaThread "Unconstrained build operations Thread 31"        [_thread_blocked, id=4568, stack(0x0000000105f00000,0x0000000106000000) (1024K)]
  0x00000194f1725b10 JavaThread "Unconstrained build operations Thread 32"        [_thread_blocked, id=16636, stack(0x0000000106000000,0x0000000106100000) (1024K)]
  0x00000194e8049cd0 JavaThread "WorkerExecutor Queue"              [_thread_in_Java, id=5052, stack(0x0000000106100000,0x0000000106200000) (1024K)]
  0x00000194f1725480 JavaThread "Java2D Disposer"            daemon [_thread_blocked, id=16816, stack(0x0000000101f00000,0x0000000102000000) (1024K)]
  0x00000194f1724760 JavaThread "AWT-Windows"                daemon [_thread_in_native, id=8008, stack(0x0000000106200000,0x0000000106300000) (1024K)]
  0x00000194f1729620 JavaThread "DefaultDispatcher-worker-1" daemon [_thread_blocked, id=1924, stack(0x0000000106400000,0x0000000106500000) (1024K)]
  0x00000194f1728f90 JavaThread "DefaultDispatcher-worker-2" daemon [_thread_blocked, id=14332, stack(0x0000000106500000,0x0000000106600000) (1024K)]
  0x00000194f172a340 JavaThread "DefaultDispatcher-worker-3" daemon [_thread_blocked, id=16104, stack(0x0000000106600000,0x0000000106700000) (1024K)]
  0x00000194f19fcc80 JavaThread "Periodic tasks thread"      daemon [_thread_blocked, id=16036, stack(0x0000000106300000,0x0000000106400000) (1024K)]
  0x00000194f19fe030 JavaThread "ApplicationImpl pooled thread 1"        [_thread_blocked, id=14424, stack(0x0000000106700000,0x0000000106800000) (1024K)]
  0x00000194f1a00e20 JavaThread "ForkJoinPool.commonPool-worker-1" daemon [_thread_blocked, id=14676, stack(0x0000000106900000,0x0000000106a00000) (1024K)]
  0x00000194ecdd3250 JavaThread "ForkJoinPool.commonPool-worker-2" daemon [_thread_blocked, id=17232, stack(0x0000000104600000,0x0000000104700000) (1024K)]
  0x00000194ecdd0af0 JavaThread "ForkJoinPool.commonPool-worker-3" daemon [_thread_blocked, id=14396, stack(0x0000000106800000,0x0000000106900000) (1024K)]
  0x00000194ecdd38e0 JavaThread "File lock release action executor"        [_thread_blocked, id=9476, stack(0x0000000106a00000,0x0000000106b00000) (1024K)]
=>0x00000194ea96fbc0 JavaThread "C2 CompilerThread1"         daemon [_thread_in_native, id=13088, stack(0x0000000106b00000,0x0000000106c00000) (1024K)]
Total: 87

Other Threads:
  0x00000194c41725a0 VMThread "VM Thread"                           [id=1308, stack(0x0000000100d00000,0x0000000100e00000) (1024K)]
  0x00000194e035c360 WatcherThread "VM Periodic Task Thread"        [id=1800, stack(0x0000000100c00000,0x0000000100d00000) (1024K)]
  0x00000194c4171380 WorkerThread "GC Thread#0"                     [id=6464, stack(0x0000000100700000,0x0000000100800000) (1024K)]
  0x00000194c4171ac0 WorkerThread "GC Thread#1"                     [id=14756, stack(0x0000000101900000,0x0000000101a00000) (1024K)]
  0x00000194c4171e60 WorkerThread "GC Thread#2"                     [id=4256, stack(0x0000000101a00000,0x0000000101b00000) (1024K)]
  0x00000194c4172200 WorkerThread "GC Thread#3"                     [id=6420, stack(0x0000000101b00000,0x0000000101c00000) (1024K)]
  0x00000194e5e668b0 WorkerThread "GC Thread#4"                     [id=11160, stack(0x0000000101c00000,0x0000000101d00000) (1024K)]
  0x00000194e5e64bb0 WorkerThread "GC Thread#5"                     [id=14952, stack(0x0000000102700000,0x0000000102800000) (1024K)]
  0x00000194e5e64f50 WorkerThread "GC Thread#6"                     [id=14832, stack(0x0000000102800000,0x0000000102900000) (1024K)]
  0x00000194e5e64470 WorkerThread "GC Thread#7"                     [id=16052, stack(0x0000000102900000,0x0000000102a00000) (1024K)]
  0x00000194c425e140 ConcurrentGCThread "G1 Main Marker"            [id=15180, stack(0x0000000100800000,0x0000000100900000) (1024K)]
  0x00000194c4171720 WorkerThread "G1 Conc#0"                       [id=15744, stack(0x0000000100900000,0x0000000100a00000) (1024K)]
  0x00000194e5e652f0 WorkerThread "G1 Conc#1"                       [id=14936, stack(0x0000000102a00000,0x0000000102b00000) (1024K)]
  0x00000194e022e100 ConcurrentGCThread "G1 Refine#0"               [id=16484, stack(0x0000000100a00000,0x0000000100b00000) (1024K)]
  0x00000194e022e530 ConcurrentGCThread "G1 Service"                [id=704, stack(0x0000000100b00000,0x0000000100c00000) (1024K)]
Total: 15

Threads with active compile tasks:
C2 CompilerThread0  35068 20008       4       ksp.org.jetbrains.kotlin.fir.resolve.providers.impl.FirTypeResolverImpl::resolveUserTypeToSymbol (518 bytes)
C1 CompilerThread0  35069 20027       3       ksp.org.jetbrains.kotlin.fir.expressions.impl.FirAnnotationCallImpl::transformTypeArguments (17 bytes)
C2 CompilerThread1  35069 19953       4       ksp.com.intellij.lang.impl.PsiBuilderImpl::insertLeaves (105 bytes)
Total: 3

VM state: not at safepoint (normal execution)

VM Mutex/Monitor currently owned by a thread: None

Heap address: 0x0000000700000000, size: 4096 MB, Compressed Oops mode: Zero based, Oop shift amount: 3

CDS archive(s) not mapped
Compressed class space mapped at: 0x0000000800000000-0x0000000840000000, reserved size: 1073741824
Narrow klass base: 0x0000000800000000, Narrow klass shift: 0, Narrow klass range: 0x40000000

GC Precious Log:
 CardTable entry size: 512
 Card Set container configuration: InlinePtr #cards 4 size 8 Array Of Cards #cards 16 size 48 Howl #buckets 8 coarsen threshold 3686 Howl Bitmap #cards 512 size 80 coarsen threshold 460 Card regions per heap region 1 cards per card region 4096
 CPUs: 8 total, 8 available
 Memory: 8073M
 Large Page Support: Disabled
 NUMA Support: Disabled
 Compressed Oops: Enabled (Zero based)
 Heap Region Size: 2M
 Heap Min Capacity: 8M
 Heap Initial Capacity: 128M
 Heap Max Capacity: 4G
 Pre-touch: Disabled
 Parallel Workers: 8
 Concurrent Workers: 2
 Concurrent Refinement Workers: 8
 Periodic GC: Disabled

Heap:
 garbage-first heap   total 352256K, used 285622K [0x0000000700000000, 0x0000000800000000)
  region size 2048K, 64 young (131072K), 6 survivors (12288K)
 Metaspace       used 176011K, committed 178624K, reserved 1245184K
  class space    used 23746K, committed 25024K, reserved 1048576K

Heap Regions: E=young(eden), S=young(survivor), O=old, HS=humongous(starts), HC=humongous(continues), CS=collection set, F=free, TAMS=top-at-mark-start, PB=parsable bottom
|   0|0x0000000700000000, 0x0000000700200000, 0x0000000700200000|100%|HS|  |TAMS 0x0000000700000000| PB 0x0000000700000000| Complete 
|   1|0x0000000700200000, 0x0000000700400000, 0x0000000700400000|100%|HC|  |TAMS 0x0000000700200000| PB 0x0000000700200000| Complete 
|   2|0x0000000700400000, 0x0000000700600000, 0x0000000700600000|100%| O|  |TAMS 0x0000000700400000| PB 0x0000000700400000| Untracked 
|   3|0x0000000700600000, 0x0000000700800000, 0x0000000700800000|100%| O|  |TAMS 0x0000000700600000| PB 0x0000000700600000| Untracked 
|   4|0x0000000700800000, 0x0000000700a00000, 0x0000000700a00000|100%| O|  |TAMS 0x0000000700800000| PB 0x0000000700800000| Untracked 
|   5|0x0000000700a00000, 0x0000000700c00000, 0x0000000700c00000|100%| O|  |TAMS 0x0000000700a00000| PB 0x0000000700a00000| Untracked 
|   6|0x0000000700c00000, 0x0000000700e00000, 0x0000000700e00000|100%| O|  |TAMS 0x0000000700c00000| PB 0x0000000700c00000| Untracked 
|   7|0x0000000700e00000, 0x0000000701000000, 0x0000000701000000|100%| O|  |TAMS 0x0000000700e00000| PB 0x0000000700e00000| Untracked 
|   8|0x0000000701000000, 0x0000000701200000, 0x0000000701200000|100%| O|  |TAMS 0x0000000701000000| PB 0x0000000701000000| Untracked 
|   9|0x0000000701200000, 0x0000000701400000, 0x0000000701400000|100%| O|  |TAMS 0x0000000701200000| PB 0x0000000701200000| Untracked 
|  10|0x0000000701400000, 0x0000000701600000, 0x0000000701600000|100%| O|  |TAMS 0x0000000701400000| PB 0x0000000701400000| Untracked 
|  11|0x0000000701600000, 0x0000000701800000, 0x0000000701800000|100%| O|  |TAMS 0x0000000701600000| PB 0x0000000701600000| Untracked 
|  12|0x0000000701800000, 0x0000000701a00000, 0x0000000701a00000|100%| O|  |TAMS 0x0000000701800000| PB 0x0000000701800000| Untracked 
|  13|0x0000000701a00000, 0x0000000701c00000, 0x0000000701c00000|100%| O|  |TAMS 0x0000000701a00000| PB 0x0000000701a00000| Untracked 
|  14|0x0000000701c00000, 0x0000000701e00000, 0x0000000701e00000|100%| O|  |TAMS 0x0000000701c00000| PB 0x0000000701c00000| Untracked 
|  15|0x0000000701e00000, 0x0000000702000000, 0x0000000702000000|100%| O|  |TAMS 0x0000000701e00000| PB 0x0000000701e00000| Untracked 
|  16|0x0000000702000000, 0x0000000702200000, 0x0000000702200000|100%|HS|  |TAMS 0x0000000702000000| PB 0x0000000702000000| Complete 
|  17|0x0000000702200000, 0x0000000702400000, 0x0000000702400000|100%|HS|  |TAMS 0x0000000702200000| PB 0x0000000702200000| Complete 
|  18|0x0000000702400000, 0x0000000702600000, 0x0000000702600000|100%| O|  |TAMS 0x0000000702400000| PB 0x0000000702400000| Untracked 
|  19|0x0000000702600000, 0x0000000702800000, 0x0000000702800000|100%| O|  |TAMS 0x0000000702600000| PB 0x0000000702600000| Untracked 
|  20|0x0000000702800000, 0x0000000702a00000, 0x0000000702a00000|100%| O|  |TAMS 0x0000000702800000| PB 0x0000000702800000| Untracked 
|  21|0x0000000702a00000, 0x0000000702c00000, 0x0000000702c00000|100%| O|  |TAMS 0x0000000702a00000| PB 0x0000000702a00000| Untracked 
|  22|0x0000000702c00000, 0x0000000702e00000, 0x0000000702e00000|100%| O|  |TAMS 0x0000000702c00000| PB 0x0000000702c00000| Untracked 
|  23|0x0000000702e00000, 0x0000000703000000, 0x0000000703000000|100%| O|  |TAMS 0x0000000702e00000| PB 0x0000000702e00000| Untracked 
|  24|0x0000000703000000, 0x0000000703200000, 0x0000000703200000|100%| O|  |TAMS 0x0000000703000000| PB 0x0000000703000000| Untracked 
|  25|0x0000000703200000, 0x0000000703400000, 0x0000000703400000|100%| O|  |TAMS 0x0000000703200000| PB 0x0000000703200000| Untracked 
|  26|0x0000000703400000, 0x0000000703600000, 0x0000000703600000|100%| O|  |TAMS 0x0000000703400000| PB 0x0000000703400000| Untracked 
|  27|0x0000000703600000, 0x0000000703800000, 0x0000000703800000|100%|HS|  |TAMS 0x0000000703600000| PB 0x0000000703600000| Complete 
|  28|0x0000000703800000, 0x0000000703a00000, 0x0000000703a00000|100%| O|  |TAMS 0x0000000703800000| PB 0x0000000703800000| Untracked 
|  29|0x0000000703a00000, 0x0000000703c00000, 0x0000000703c00000|100%| O|  |TAMS 0x0000000703a00000| PB 0x0000000703a00000| Untracked 
|  30|0x0000000703c00000, 0x0000000703e00000, 0x0000000703e00000|100%| O|  |TAMS 0x0000000703c00000| PB 0x0000000703c00000| Untracked 
|  31|0x0000000703e00000, 0x0000000704000000, 0x0000000704000000|100%| O|  |TAMS 0x0000000703e00000| PB 0x0000000703e00000| Untracked 
|  32|0x0000000704000000, 0x0000000704200000, 0x0000000704200000|100%| O|  |TAMS 0x0000000704000000| PB 0x0000000704000000| Untracked 
|  33|0x0000000704200000, 0x0000000704400000, 0x0000000704400000|100%| O|  |TAMS 0x0000000704200000| PB 0x0000000704200000| Untracked 
|  34|0x0000000704400000, 0x0000000704600000, 0x0000000704600000|100%| O|  |TAMS 0x0000000704400000| PB 0x0000000704400000| Untracked 
|  35|0x0000000704600000, 0x0000000704800000, 0x0000000704800000|100%| O|  |TAMS 0x0000000704600000| PB 0x0000000704600000| Untracked 
|  36|0x0000000704800000, 0x0000000704a00000, 0x0000000704a00000|100%| O|  |TAMS 0x0000000704800000| PB 0x0000000704800000| Untracked 
|  37|0x0000000704a00000, 0x0000000704c00000, 0x0000000704c00000|100%| O|  |TAMS 0x0000000704a00000| PB 0x0000000704a00000| Untracked 
|  38|0x0000000704c00000, 0x0000000704e00000, 0x0000000704e00000|100%| O|  |TAMS 0x0000000704c00000| PB 0x0000000704c00000| Untracked 
|  39|0x0000000704e00000, 0x0000000705000000, 0x0000000705000000|100%| O|  |TAMS 0x0000000704e00000| PB 0x0000000704e00000| Untracked 
|  40|0x0000000705000000, 0x0000000705200000, 0x0000000705200000|100%| O|  |TAMS 0x0000000705000000| PB 0x0000000705000000| Untracked 
|  41|0x0000000705200000, 0x0000000705200000, 0x0000000705400000|  0%| F|  |TAMS 0x0000000705200000| PB 0x0000000705200000| Untracked 
|  42|0x0000000705400000, 0x0000000705600000, 0x0000000705600000|100%| O|  |TAMS 0x0000000705400000| PB 0x0000000705400000| Untracked 
|  43|0x0000000705600000, 0x0000000705800000, 0x0000000705800000|100%| O|  |TAMS 0x0000000705600000| PB 0x0000000705600000| Untracked 
|  44|0x0000000705800000, 0x0000000705a00000, 0x0000000705a00000|100%| O|  |TAMS 0x0000000705800000| PB 0x0000000705800000| Untracked 
|  45|0x0000000705a00000, 0x0000000705a00000, 0x0000000705c00000|  0%| F|  |TAMS 0x0000000705a00000| PB 0x0000000705a00000| Untracked 
|  46|0x0000000705c00000, 0x0000000705c00000, 0x0000000705e00000|  0%| F|  |TAMS 0x0000000705c00000| PB 0x0000000705c00000| Untracked 
|  47|0x0000000705e00000, 0x0000000706000000, 0x0000000706000000|100%|HS|  |TAMS 0x0000000705e00000| PB 0x0000000705e00000| Complete 
|  48|0x0000000706000000, 0x0000000706200000, 0x0000000706200000|100%|HC|  |TAMS 0x0000000706000000| PB 0x0000000706000000| Complete 
|  49|0x0000000706200000, 0x0000000706400000, 0x0000000706400000|100%|HC|  |TAMS 0x0000000706200000| PB 0x0000000706200000| Complete 
|  50|0x0000000706400000, 0x0000000706600000, 0x0000000706600000|100%| O|  |TAMS 0x0000000706400000| PB 0x0000000706400000| Untracked 
|  51|0x0000000706600000, 0x0000000706800000, 0x0000000706800000|100%| O|  |TAMS 0x0000000706600000| PB 0x0000000706600000| Untracked 
|  52|0x0000000706800000, 0x0000000706a00000, 0x0000000706a00000|100%| O|  |TAMS 0x0000000706800000| PB 0x0000000706800000| Untracked 
|  53|0x0000000706a00000, 0x0000000706c00000, 0x0000000706c00000|100%| O|  |TAMS 0x0000000706a00000| PB 0x0000000706a00000| Untracked 
|  54|0x0000000706c00000, 0x0000000706e00000, 0x0000000706e00000|100%| O|  |TAMS 0x0000000706c00000| PB 0x0000000706c00000| Untracked 
|  55|0x0000000706e00000, 0x0000000707000000, 0x0000000707000000|100%| O|Cm|TAMS 0x0000000706e00000| PB 0x0000000706e00000| Complete 
|  56|0x0000000707000000, 0x0000000707200000, 0x0000000707200000|100%| O|  |TAMS 0x0000000707000000| PB 0x0000000707000000| Untracked 
|  57|0x0000000707200000, 0x0000000707400000, 0x0000000707400000|100%| O|  |TAMS 0x0000000707200000| PB 0x0000000707200000| Untracked 
|  58|0x0000000707400000, 0x0000000707600000, 0x0000000707600000|100%| O|  |TAMS 0x0000000707400000| PB 0x0000000707400000| Untracked 
|  59|0x0000000707600000, 0x0000000707800000, 0x0000000707800000|100%| O|  |TAMS 0x0000000707600000| PB 0x0000000707600000| Untracked 
|  60|0x0000000707800000, 0x0000000707a00000, 0x0000000707a00000|100%| O|  |TAMS 0x0000000707800000| PB 0x0000000707800000| Untracked 
|  61|0x0000000707a00000, 0x0000000707a00000, 0x0000000707c00000|  0%| F|  |TAMS 0x0000000707a00000| PB 0x0000000707a00000| Untracked 
|  62|0x0000000707c00000, 0x0000000707c00000, 0x0000000707e00000|  0%| F|  |TAMS 0x0000000707c00000| PB 0x0000000707c00000| Untracked 
|  63|0x0000000707e00000, 0x0000000707e00000, 0x0000000708000000|  0%| F|  |TAMS 0x0000000707e00000| PB 0x0000000707e00000| Untracked 
|  64|0x0000000708000000, 0x0000000708000000, 0x0000000708200000|  0%| F|  |TAMS 0x0000000708000000| PB 0x0000000708000000| Untracked 
|  65|0x0000000708200000, 0x0000000708200000, 0x0000000708400000|  0%| F|  |TAMS 0x0000000708200000| PB 0x0000000708200000| Untracked 
|  66|0x0000000708400000, 0x0000000708400000, 0x0000000708600000|  0%| F|  |TAMS 0x0000000708400000| PB 0x0000000708400000| Untracked 
|  67|0x0000000708600000, 0x0000000708600000, 0x0000000708800000|  0%| F|  |TAMS 0x0000000708600000| PB 0x0000000708600000| Untracked 
|  68|0x0000000708800000, 0x0000000708800000, 0x0000000708a00000|  0%| F|  |TAMS 0x0000000708800000| PB 0x0000000708800000| Untracked 
|  69|0x0000000708a00000, 0x0000000708a00000, 0x0000000708c00000|  0%| F|  |TAMS 0x0000000708a00000| PB 0x0000000708a00000| Untracked 
|  70|0x0000000708c00000, 0x0000000708e00000, 0x0000000708e00000|100%| O|  |TAMS 0x0000000708c00000| PB 0x0000000708c00000| Untracked 
|  71|0x0000000708e00000, 0x0000000708fadd00, 0x0000000709000000| 83%| O|  |TAMS 0x0000000708e00000| PB 0x0000000708e00000| Untracked 
|  72|0x0000000709000000, 0x0000000709000000, 0x0000000709200000|  0%| F|  |TAMS 0x0000000709000000| PB 0x0000000709000000| Untracked 
|  73|0x0000000709200000, 0x0000000709200000, 0x0000000709400000|  0%| F|  |TAMS 0x0000000709200000| PB 0x0000000709200000| Untracked 
|  74|0x0000000709400000, 0x0000000709400000, 0x0000000709600000|  0%| F|  |TAMS 0x0000000709400000| PB 0x0000000709400000| Untracked 
|  75|0x0000000709600000, 0x0000000709600000, 0x0000000709800000|  0%| F|  |TAMS 0x0000000709600000| PB 0x0000000709600000| Untracked 
|  76|0x0000000709800000, 0x0000000709800000, 0x0000000709a00000|  0%| F|  |TAMS 0x0000000709800000| PB 0x0000000709800000| Untracked 
|  77|0x0000000709a00000, 0x0000000709a00000, 0x0000000709c00000|  0%| F|  |TAMS 0x0000000709a00000| PB 0x0000000709a00000| Untracked 
|  78|0x0000000709c00000, 0x0000000709c00000, 0x0000000709e00000|  0%| F|  |TAMS 0x0000000709c00000| PB 0x0000000709c00000| Untracked 
|  79|0x0000000709e00000, 0x0000000709e00000, 0x000000070a000000|  0%| F|  |TAMS 0x0000000709e00000| PB 0x0000000709e00000| Untracked 
|  80|0x000000070a000000, 0x000000070a000000, 0x000000070a200000|  0%| F|  |TAMS 0x000000070a000000| PB 0x000000070a000000| Untracked 
|  81|0x000000070a200000, 0x000000070a200000, 0x000000070a400000|  0%| F|  |TAMS 0x000000070a200000| PB 0x000000070a200000| Untracked 
|  82|0x000000070a400000, 0x000000070a400000, 0x000000070a600000|  0%| F|  |TAMS 0x000000070a400000| PB 0x000000070a400000| Untracked 
|  83|0x000000070a600000, 0x000000070a600000, 0x000000070a800000|  0%| F|  |TAMS 0x000000070a600000| PB 0x000000070a600000| Untracked 
|  84|0x000000070a800000, 0x000000070a800000, 0x000000070aa00000|  0%| F|  |TAMS 0x000000070a800000| PB 0x000000070a800000| Untracked 
|  85|0x000000070aa00000, 0x000000070aa00000, 0x000000070ac00000|  0%| F|  |TAMS 0x000000070aa00000| PB 0x000000070aa00000| Untracked 
|  86|0x000000070ac00000, 0x000000070ac00000, 0x000000070ae00000|  0%| F|  |TAMS 0x000000070ac00000| PB 0x000000070ac00000| Untracked 
|  87|0x000000070ae00000, 0x000000070ae00000, 0x000000070b000000|  0%| F|  |TAMS 0x000000070ae00000| PB 0x000000070ae00000| Untracked 
|  88|0x000000070b000000, 0x000000070b000000, 0x000000070b200000|  0%| F|  |TAMS 0x000000070b000000| PB 0x000000070b000000| Untracked 
|  89|0x000000070b200000, 0x000000070b200000, 0x000000070b400000|  0%| F|  |TAMS 0x000000070b200000| PB 0x000000070b200000| Untracked 
|  90|0x000000070b400000, 0x000000070b400000, 0x000000070b600000|  0%| F|  |TAMS 0x000000070b400000| PB 0x000000070b400000| Untracked 
|  91|0x000000070b600000, 0x000000070b800000, 0x000000070b800000|100%| E|  |TAMS 0x000000070b600000| PB 0x000000070b600000| Complete 
|  92|0x000000070b800000, 0x000000070ba00000, 0x000000070ba00000|100%| E|CS|TAMS 0x000000070b800000| PB 0x000000070b800000| Complete 
|  93|0x000000070ba00000, 0x000000070bc00000, 0x000000070bc00000|100%| E|CS|TAMS 0x000000070ba00000| PB 0x000000070ba00000| Complete 
|  94|0x000000070bc00000, 0x000000070be00000, 0x000000070be00000|100%| E|CS|TAMS 0x000000070bc00000| PB 0x000000070bc00000| Complete 
|  95|0x000000070be00000, 0x000000070c000000, 0x000000070c000000|100%| E|CS|TAMS 0x000000070be00000| PB 0x000000070be00000| Complete 
|  96|0x000000070c000000, 0x000000070c200000, 0x000000070c200000|100%| E|CS|TAMS 0x000000070c000000| PB 0x000000070c000000| Complete 
|  97|0x000000070c200000, 0x000000070c400000, 0x000000070c400000|100%| E|CS|TAMS 0x000000070c200000| PB 0x000000070c200000| Complete 
|  98|0x000000070c400000, 0x000000070c600000, 0x000000070c600000|100%| E|CS|TAMS 0x000000070c400000| PB 0x000000070c400000| Complete 
|  99|0x000000070c600000, 0x000000070c800000, 0x000000070c800000|100%| E|CS|TAMS 0x000000070c600000| PB 0x000000070c600000| Complete 
| 100|0x000000070c800000, 0x000000070ca00000, 0x000000070ca00000|100%| E|CS|TAMS 0x000000070c800000| PB 0x000000070c800000| Complete 
| 101|0x000000070ca00000, 0x000000070cc00000, 0x000000070cc00000|100%| E|CS|TAMS 0x000000070ca00000| PB 0x000000070ca00000| Complete 
| 102|0x000000070cc00000, 0x000000070ce00000, 0x000000070ce00000|100%| E|CS|TAMS 0x000000070cc00000| PB 0x000000070cc00000| Complete 
| 103|0x000000070ce00000, 0x000000070d000000, 0x000000070d000000|100%| E|CS|TAMS 0x000000070ce00000| PB 0x000000070ce00000| Complete 
| 104|0x000000070d000000, 0x000000070d13fb60, 0x000000070d200000| 62%| S|CS|TAMS 0x000000070d000000| PB 0x000000070d000000| Complete 
| 105|0x000000070d200000, 0x000000070d400000, 0x000000070d400000|100%| S|CS|TAMS 0x000000070d200000| PB 0x000000070d200000| Complete 
| 106|0x000000070d400000, 0x000000070d600000, 0x000000070d600000|100%| S|CS|TAMS 0x000000070d400000| PB 0x000000070d400000| Complete 
| 107|0x000000070d600000, 0x000000070d800000, 0x000000070d800000|100%| S|CS|TAMS 0x000000070d600000| PB 0x000000070d600000| Complete 
| 108|0x000000070d800000, 0x000000070da00000, 0x000000070da00000|100%| S|CS|TAMS 0x000000070d800000| PB 0x000000070d800000| Complete 
| 109|0x000000070da00000, 0x000000070dc00000, 0x000000070dc00000|100%| S|CS|TAMS 0x000000070da00000| PB 0x000000070da00000| Complete 
| 110|0x000000070dc00000, 0x000000070de00000, 0x000000070de00000|100%| E|CS|TAMS 0x000000070dc00000| PB 0x000000070dc00000| Complete 
| 111|0x000000070de00000, 0x000000070e000000, 0x000000070e000000|100%| E|CS|TAMS 0x000000070de00000| PB 0x000000070de00000| Complete 
| 112|0x000000070e000000, 0x000000070e200000, 0x000000070e200000|100%| E|CS|TAMS 0x000000070e000000| PB 0x000000070e000000| Complete 
| 113|0x000000070e200000, 0x000000070e400000, 0x000000070e400000|100%| E|CS|TAMS 0x000000070e200000| PB 0x000000070e200000| Complete 
| 114|0x000000070e400000, 0x000000070e600000, 0x000000070e600000|100%| E|CS|TAMS 0x000000070e400000| PB 0x000000070e400000| Complete 
| 115|0x000000070e600000, 0x000000070e800000, 0x000000070e800000|100%| E|CS|TAMS 0x000000070e600000| PB 0x000000070e600000| Complete 
| 116|0x000000070e800000, 0x000000070ea00000, 0x000000070ea00000|100%| E|CS|TAMS 0x000000070e800000| PB 0x000000070e800000| Complete 
| 117|0x000000070ea00000, 0x000000070ec00000, 0x000000070ec00000|100%| E|CS|TAMS 0x000000070ea00000| PB 0x000000070ea00000| Complete 
| 118|0x000000070ec00000, 0x000000070ee00000, 0x000000070ee00000|100%| E|CS|TAMS 0x000000070ec00000| PB 0x000000070ec00000| Complete 
| 119|0x000000070ee00000, 0x000000070f000000, 0x000000070f000000|100%| E|CS|TAMS 0x000000070ee00000| PB 0x000000070ee00000| Complete 
| 120|0x000000070f000000, 0x000000070f200000, 0x000000070f200000|100%| E|CS|TAMS 0x000000070f000000| PB 0x000000070f000000| Complete 
| 121|0x000000070f200000, 0x000000070f400000, 0x000000070f400000|100%| E|CS|TAMS 0x000000070f200000| PB 0x000000070f200000| Complete 
| 122|0x000000070f400000, 0x000000070f600000, 0x000000070f600000|100%| E|CS|TAMS 0x000000070f400000| PB 0x000000070f400000| Complete 
| 123|0x000000070f600000, 0x000000070f800000, 0x000000070f800000|100%| E|CS|TAMS 0x000000070f600000| PB 0x000000070f600000| Complete 
| 124|0x000000070f800000, 0x000000070fa00000, 0x000000070fa00000|100%| E|CS|TAMS 0x000000070f800000| PB 0x000000070f800000| Complete 
| 125|0x000000070fa00000, 0x000000070fc00000, 0x000000070fc00000|100%| E|CS|TAMS 0x000000070fa00000| PB 0x000000070fa00000| Complete 
| 126|0x000000070fc00000, 0x000000070fe00000, 0x000000070fe00000|100%| E|CS|TAMS 0x000000070fc00000| PB 0x000000070fc00000| Complete 
| 127|0x000000070fe00000, 0x0000000710000000, 0x0000000710000000|100%| E|CS|TAMS 0x000000070fe00000| PB 0x000000070fe00000| Complete 
| 128|0x0000000710000000, 0x0000000710200000, 0x0000000710200000|100%| E|CS|TAMS 0x0000000710000000| PB 0x0000000710000000| Complete 
| 129|0x0000000710200000, 0x0000000710400000, 0x0000000710400000|100%| E|CS|TAMS 0x0000000710200000| PB 0x0000000710200000| Complete 
| 130|0x0000000710400000, 0x0000000710600000, 0x0000000710600000|100%| E|CS|TAMS 0x0000000710400000| PB 0x0000000710400000| Complete 
| 131|0x0000000710600000, 0x0000000710800000, 0x0000000710800000|100%| E|CS|TAMS 0x0000000710600000| PB 0x0000000710600000| Complete 
| 132|0x0000000710800000, 0x0000000710a00000, 0x0000000710a00000|100%| E|CS|TAMS 0x0000000710800000| PB 0x0000000710800000| Complete 
| 133|0x0000000710a00000, 0x0000000710c00000, 0x0000000710c00000|100%| E|CS|TAMS 0x0000000710a00000| PB 0x0000000710a00000| Complete 
| 134|0x0000000710c00000, 0x0000000710e00000, 0x0000000710e00000|100%| E|CS|TAMS 0x0000000710c00000| PB 0x0000000710c00000| Complete 
| 135|0x0000000710e00000, 0x0000000711000000, 0x0000000711000000|100%| E|CS|TAMS 0x0000000710e00000| PB 0x0000000710e00000| Complete 
| 136|0x0000000711000000, 0x0000000711200000, 0x0000000711200000|100%| E|CS|TAMS 0x0000000711000000| PB 0x0000000711000000| Complete 
| 137|0x0000000711200000, 0x0000000711400000, 0x0000000711400000|100%| E|CS|TAMS 0x0000000711200000| PB 0x0000000711200000| Complete 
| 138|0x0000000711400000, 0x0000000711600000, 0x0000000711600000|100%| E|CS|TAMS 0x0000000711400000| PB 0x0000000711400000| Complete 
| 139|0x0000000711600000, 0x0000000711800000, 0x0000000711800000|100%| E|CS|TAMS 0x0000000711600000| PB 0x0000000711600000| Complete 
| 140|0x0000000711800000, 0x0000000711a00000, 0x0000000711a00000|100%| E|CS|TAMS 0x0000000711800000| PB 0x0000000711800000| Complete 
| 141|0x0000000711a00000, 0x0000000711c00000, 0x0000000711c00000|100%| E|CS|TAMS 0x0000000711a00000| PB 0x0000000711a00000| Complete 
| 142|0x0000000711c00000, 0x0000000711e00000, 0x0000000711e00000|100%| E|CS|TAMS 0x0000000711c00000| PB 0x0000000711c00000| Complete 
| 143|0x0000000711e00000, 0x0000000712000000, 0x0000000712000000|100%| E|CS|TAMS 0x0000000711e00000| PB 0x0000000711e00000| Complete 
| 144|0x0000000712000000, 0x0000000712200000, 0x0000000712200000|100%| E|CS|TAMS 0x0000000712000000| PB 0x0000000712000000| Complete 
| 145|0x0000000712200000, 0x0000000712400000, 0x0000000712400000|100%| E|CS|TAMS 0x0000000712200000| PB 0x0000000712200000| Complete 
| 146|0x0000000712400000, 0x0000000712600000, 0x0000000712600000|100%| E|CS|TAMS 0x0000000712400000| PB 0x0000000712400000| Complete 
| 147|0x0000000712600000, 0x0000000712800000, 0x0000000712800000|100%| E|CS|TAMS 0x0000000712600000| PB 0x0000000712600000| Complete 
| 148|0x0000000712800000, 0x0000000712a00000, 0x0000000712a00000|100%| E|CS|TAMS 0x0000000712800000| PB 0x0000000712800000| Complete 
| 149|0x0000000712a00000, 0x0000000712c00000, 0x0000000712c00000|100%| E|CS|TAMS 0x0000000712a00000| PB 0x0000000712a00000| Complete 
| 150|0x0000000712c00000, 0x0000000712e00000, 0x0000000712e00000|100%| E|CS|TAMS 0x0000000712c00000| PB 0x0000000712c00000| Complete 
| 151|0x0000000712e00000, 0x0000000713000000, 0x0000000713000000|100%| E|CS|TAMS 0x0000000712e00000| PB 0x0000000712e00000| Complete 
| 152|0x0000000713000000, 0x0000000713200000, 0x0000000713200000|100%| E|CS|TAMS 0x0000000713000000| PB 0x0000000713000000| Complete 
|2029|0x00000007fda00000, 0x00000007fdc00000, 0x00000007fdc00000|100%| O|  |TAMS 0x00000007fda00000| PB 0x00000007fda00000| Untracked 
|2030|0x00000007fdc00000, 0x00000007fde00000, 0x00000007fde00000|100%| O|  |TAMS 0x00000007fdc00000| PB 0x00000007fdc00000| Untracked 
|2031|0x00000007fde00000, 0x00000007fe000000, 0x00000007fe000000|100%| O|  |TAMS 0x00000007fde00000| PB 0x00000007fde00000| Untracked 
|2032|0x00000007fe000000, 0x00000007fe200000, 0x00000007fe200000|100%| O|  |TAMS 0x00000007fe000000| PB 0x00000007fe000000| Untracked 
|2033|0x00000007fe200000, 0x00000007fe400000, 0x00000007fe400000|100%| O|  |TAMS 0x00000007fe200000| PB 0x00000007fe200000| Untracked 
|2034|0x00000007fe400000, 0x00000007fe600000, 0x00000007fe600000|100%| O|Cm|TAMS 0x00000007fe400000| PB 0x00000007fe400000| Complete 
|2035|0x00000007fe600000, 0x00000007fe800000, 0x00000007fe800000|100%| O|  |TAMS 0x00000007fe600000| PB 0x00000007fe600000| Untracked 
|2036|0x00000007fe800000, 0x00000007fea00000, 0x00000007fea00000|100%| O|Cm|TAMS 0x00000007fe800000| PB 0x00000007fe800000| Complete 
|2037|0x00000007fea00000, 0x00000007fec00000, 0x00000007fec00000|100%| O|  |TAMS 0x00000007fea00000| PB 0x00000007fea00000| Untracked 
|2038|0x00000007fec00000, 0x00000007fee00000, 0x00000007fee00000|100%| O|  |TAMS 0x00000007fec00000| PB 0x00000007fec00000| Untracked 
|2039|0x00000007fee00000, 0x00000007ff000000, 0x00000007ff000000|100%| O|  |TAMS 0x00000007fee00000| PB 0x00000007fee00000| Untracked 
|2040|0x00000007ff000000, 0x00000007ff200000, 0x00000007ff200000|100%| O|  |TAMS 0x00000007ff000000| PB 0x00000007ff000000| Untracked 
|2041|0x00000007ff200000, 0x00000007ff400000, 0x00000007ff400000|100%| O|  |TAMS 0x00000007ff200000| PB 0x00000007ff200000| Untracked 
|2042|0x00000007ff400000, 0x00000007ff600000, 0x00000007ff600000|100%| O|  |TAMS 0x00000007ff400000| PB 0x00000007ff400000| Untracked 
|2043|0x00000007ff600000, 0x00000007ff800000, 0x00000007ff800000|100%| E|CS|TAMS 0x00000007ff600000| PB 0x00000007ff600000| Complete 
|2044|0x00000007ff800000, 0x00000007ffa00000, 0x00000007ffa00000|100%| O|  |TAMS 0x00000007ff800000| PB 0x00000007ff800000| Untracked 
|2045|0x00000007ffa00000, 0x00000007ffc00000, 0x00000007ffc00000|100%| O|  |TAMS 0x00000007ffa00000| PB 0x00000007ffa00000| Untracked 
|2046|0x00000007ffc00000, 0x00000007ffe00000, 0x00000007ffe00000|100%| E|CS|TAMS 0x00000007ffc00000| PB 0x00000007ffc00000| Complete 
|2047|0x00000007ffe00000, 0x0000000800000000, 0x0000000800000000|100%| O|  |TAMS 0x00000007ffe00000| PB 0x00000007ffe00000| Untracked 

Card table byte_map: [0x00000194d9170000,0x00000194d9970000] _byte_map_base: 0x00000194d5970000

Marking Bits: (CMBitMap*) 0x00000194c654f700
 Bits: [0x00000194d9970000, 0x00000194dd970000)

Polling page: 0x00000194c4310000

Metaspace:

Usage:
  Non-class:    148.70 MB used.
      Class:     23.19 MB used.
       Both:    171.89 MB used.

Virtual space:
  Non-class space:      192.00 MB reserved,     150.00 MB ( 78%) committed,  3 nodes.
      Class space:        1.00 GB reserved,      24.44 MB (  2%) committed,  1 nodes.
             Both:        1.19 GB reserved,     174.44 MB ( 14%) committed. 

Chunk freelists:
   Non-Class:  9.30 MB
       Class:  7.54 MB
        Both:  16.84 MB

MaxMetaspaceSize: unlimited
CompressedClassSpaceSize: 1.00 GB
Initial GC threshold: 21.00 MB
Current GC threshold: 271.38 MB
CDS: off
 - commit_granule_bytes: 65536.
 - commit_granule_words: 8192.
 - virtual_space_node_default_size: 8388608.
 - enlarge_chunks_in_place: 1.
 - use_allocation_guard: 0.


Internal statistics:

num_allocs_failed_limit: 12.
num_arena_births: 5156.
num_arena_deaths: 4.
num_vsnodes_births: 4.
num_vsnodes_deaths: 0.
num_space_committed: 2789.
num_space_uncommitted: 0.
num_chunks_returned_to_freelist: 18.
num_chunks_taken_from_freelist: 12414.
num_chunk_merges: 13.
num_chunk_splits: 8468.
num_chunks_enlarged: 5759.
num_inconsistent_stats: 0.

CodeHeap 'non-profiled nmethods': size=120000Kb used=11683Kb max_used=11683Kb free=108316Kb
 bounds [0x00000194d1110000, 0x00000194d1c80000, 0x00000194d8640000]
CodeHeap 'profiled nmethods': size=120000Kb used=37801Kb max_used=37801Kb free=82198Kb
 bounds [0x00000194c9640000, 0x00000194cbb30000, 0x00000194d0b70000]
CodeHeap 'non-nmethods': size=5760Kb used=2215Kb max_used=2330Kb free=3545Kb
 bounds [0x00000194d0b70000, 0x00000194d0de0000, 0x00000194d1110000]
CodeCache: size=245760Kb, used=51699Kb, max_used=51814Kb, free=194059Kb
 total_blobs=18220, nmethods=17148, adapters=975, full_count=0
Compilation: enabled, stopped_count=0, restarted_count=0

Compilation events (20 events):
Event: 34.949 Thread 0x00000194e05ab680 19960       4       ksp.org.jetbrains.kotlin.analysis.low.level.api.fir.transformers.LLFirLazyResolver::checkVariableSubDeclarationsAreResolved (90 bytes)
Event: 34.953 Thread 0x00000194e05b19e0 19980       3       kotlin.jvm.internal.CollectionToArray::toArray (205 bytes)
Event: 34.954 Thread 0x00000194e05b19e0 nmethod 19980 0x00000194cbae3d10 code [0x00000194cbae4060, 0x00000194cbae5360]
Event: 34.954 Thread 0x00000194e05b19e0 19981       3       ksp.org.jetbrains.kotlin.fir.scopes.impl.AbstractFirUseSiteMemberScope::processDeclaredConstructors (16 bytes)
Event: 34.955 Thread 0x00000194e05b19e0 nmethod 19981 0x00000194cbae5910 code [0x00000194cbae5b40, 0x00000194cbae61d0]
Event: 34.955 Thread 0x00000194e05b19e0 19982       3       java.util.EnumMap::putAll (134 bytes)
Event: 34.956 Thread 0x00000194e05b19e0 nmethod 19982 0x00000194cbae6490 code [0x00000194cbae67a0, 0x00000194cbae7838]
Event: 34.956 Thread 0x00000194e05b19e0 19983       3       ksp.org.jetbrains.kotlin.fir.declarations.FirResolvePhase::getNext (18 bytes)
Event: 34.956 Thread 0x00000194e05b19e0 nmethod 19983 0x00000194cbae7e10 code [0x00000194cbae7fe0, 0x00000194cbae83c8]
Event: 34.956 Thread 0x00000194e05b19e0 19984   !   3       ksp.org.jetbrains.kotlin.analysis.low.level.api.fir.transformers.LLFirLazyResolverRunner::runLazyResolverByPhase (145 bytes)
Event: 34.961 Thread 0x00000194e05b19e0 nmethod 19984 0x00000194cbae8590 code [0x00000194cbae8d00, 0x00000194cbaec7c0]
Event: 34.961 Thread 0x00000194e05b19e0 19985       3       ksp.org.jetbrains.kotlin.analysis.low.level.api.fir.transformers.LLFirLazyPhaseResolverByPhase::getByPhase (26 bytes)
Event: 34.962 Thread 0x00000194e05b19e0 nmethod 19985 0x00000194cbaee010 code [0x00000194cbaee260, 0x00000194cbaeea58]
Event: 34.962 Thread 0x00000194e05b19e0 19986       3       ksp.org.jetbrains.kotlin.analysis.low.level.api.fir.transformers.LLFirLazyResolver::resolve (242 bytes)
Event: 34.965 Thread 0x00000194e05b19e0 nmethod 19986 0x00000194cbaeed90 code [0x00000194cbaef3a0, 0x00000194cbaf2050]
Event: 34.966 Thread 0x00000194e05b19e0 19987       3       ksp.org.jetbrains.kotlin.analysis.low.level.api.fir.transformers.LLFirTargetResolver::<init> (7 bytes)
Event: 34.966 Thread 0x00000194e05b19e0 nmethod 19987 0x00000194cbaf3110 code [0x00000194cbaf3300, 0x00000194cbaf3840]
Event: 34.966 Thread 0x00000194e05b19e0 19988       3       ksp.org.jetbrains.kotlin.analysis.low.level.api.fir.transformers.LLFirTargetResolver::<init> (29 bytes)
Event: 34.967 Thread 0x00000194e05b19e0 nmethod 19988 0x00000194cbaf3a10 code [0x00000194cbaf3be0, 0x00000194cbaf40c0]
Event: 34.967 Thread 0x00000194e05b19e0 19989       3       ksp.org.jetbrains.kotlin.analysis.low.level.api.fir.transformers.LLFirTargetResolver::resolveDesignation (16 bytes)

GC Heap History (20 events):
Event: 22.709 GC heap before
{Heap before GC invocations=40 (full 0):
 garbage-first heap   total 184320K, used 170098K [0x0000000700000000, 0x0000000800000000)
  region size 2048K, 33 young (67584K), 2 survivors (4096K)
 Metaspace       used 118694K, committed 121088K, reserved 1179648K
  class space    used 16954K, committed 18112K, reserved 1048576K
}
Event: 22.716 GC heap after
{Heap after GC invocations=41 (full 0):
 garbage-first heap   total 184320K, used 107134K [0x0000000700000000, 0x0000000800000000)
  region size 2048K, 3 young (6144K), 3 survivors (6144K)
 Metaspace       used 118694K, committed 121088K, reserved 1179648K
  class space    used 16954K, committed 18112K, reserved 1048576K
}
Event: 22.915 GC heap before
{Heap before GC invocations=42 (full 0):
 garbage-first heap   total 184320K, used 168574K [0x0000000700000000, 0x0000000800000000)
  region size 2048K, 34 young (69632K), 3 survivors (6144K)
 Metaspace       used 118704K, committed 121088K, reserved 1179648K
  class space    used 16954K, committed 18112K, reserved 1048576K
}
Event: 22.919 GC heap after
{Heap after GC invocations=43 (full 0):
 garbage-first heap   total 184320K, used 107529K [0x0000000700000000, 0x0000000800000000)
  region size 2048K, 3 young (6144K), 3 survivors (6144K)
 Metaspace       used 118704K, committed 121088K, reserved 1179648K
  class space    used 16954K, committed 18112K, reserved 1048576K
}
Event: 23.040 GC heap before
{Heap before GC invocations=43 (full 0):
 garbage-first heap   total 184320K, used 171017K [0x0000000700000000, 0x0000000800000000)
  region size 2048K, 34 young (69632K), 3 survivors (6144K)
 Metaspace       used 118705K, committed 121088K, reserved 1179648K
  class space    used 16954K, committed 18112K, reserved 1048576K
}
Event: 23.046 GC heap after
{Heap after GC invocations=44 (full 0):
 garbage-first heap   total 221184K, used 107504K [0x0000000700000000, 0x0000000800000000)
  region size 2048K, 3 young (6144K), 3 survivors (6144K)
 Metaspace       used 118705K, committed 121088K, reserved 1179648K
  class space    used 16954K, committed 18112K, reserved 1048576K
}
Event: 23.213 GC heap before
{Heap before GC invocations=44 (full 0):
 garbage-first heap   total 221184K, used 203760K [0x0000000700000000, 0x0000000800000000)
  region size 2048K, 50 young (102400K), 3 survivors (6144K)
 Metaspace       used 118705K, committed 121088K, reserved 1179648K
  class space    used 16954K, committed 18112K, reserved 1048576K
}
Event: 23.217 GC heap after
{Heap after GC invocations=45 (full 0):
 garbage-first heap   total 221184K, used 108586K [0x0000000700000000, 0x0000000800000000)
  region size 2048K, 4 young (8192K), 4 survivors (8192K)
 Metaspace       used 118705K, committed 121088K, reserved 1179648K
  class space    used 16954K, committed 18112K, reserved 1048576K
}
Event: 23.400 GC heap before
{Heap before GC invocations=45 (full 0):
 garbage-first heap   total 221184K, used 204842K [0x0000000700000000, 0x0000000800000000)
  region size 2048K, 52 young (106496K), 4 survivors (8192K)
 Metaspace       used 118716K, committed 121088K, reserved 1179648K
  class space    used 16956K, committed 18112K, reserved 1048576K
}
Event: 23.405 GC heap after
{Heap after GC invocations=46 (full 0):
 garbage-first heap   total 221184K, used 109061K [0x0000000700000000, 0x0000000800000000)
  region size 2048K, 4 young (8192K), 4 survivors (8192K)
 Metaspace       used 118716K, committed 121088K, reserved 1179648K
  class space    used 16956K, committed 18112K, reserved 1048576K
}
Event: 23.525 GC heap before
{Heap before GC invocations=46 (full 0):
 garbage-first heap   total 221184K, used 207365K [0x0000000700000000, 0x0000000800000000)
  region size 2048K, 52 young (106496K), 4 survivors (8192K)
 Metaspace       used 118716K, committed 121088K, reserved 1179648K
  class space    used 16956K, committed 18112K, reserved 1048576K
}
Event: 23.529 GC heap after
{Heap after GC invocations=47 (full 0):
 garbage-first heap   total 221184K, used 109463K [0x0000000700000000, 0x0000000800000000)
  region size 2048K, 4 young (8192K), 4 survivors (8192K)
 Metaspace       used 118716K, committed 121088K, reserved 1179648K
  class space    used 16956K, committed 18112K, reserved 1048576K
}
Event: 23.886 GC heap before
{Heap before GC invocations=48 (full 0):
 garbage-first heap   total 221184K, used 205719K [0x0000000700000000, 0x0000000800000000)
  region size 2048K, 52 young (106496K), 4 survivors (8192K)
 Metaspace       used 118863K, committed 121216K, reserved 1179648K
  class space    used 16985K, committed 18176K, reserved 1048576K
}
Event: 23.905 GC heap after
{Heap after GC invocations=49 (full 0):
 garbage-first heap   total 237568K, used 130572K [0x0000000700000000, 0x0000000800000000)
  region size 2048K, 7 young (14336K), 7 survivors (14336K)
 Metaspace       used 118863K, committed 121216K, reserved 1179648K
  class space    used 16985K, committed 18176K, reserved 1048576K
}
Event: 25.116 GC heap before
{Heap before GC invocations=49 (full 0):
 garbage-first heap   total 237568K, used 214540K [0x0000000700000000, 0x0000000800000000)
  region size 2048K, 45 young (92160K), 7 survivors (14336K)
 Metaspace       used 135688K, committed 138240K, reserved 1179648K
  class space    used 19225K, committed 20480K, reserved 1048576K
}
Event: 25.129 GC heap after
{Heap after GC invocations=50 (full 0):
 garbage-first heap   total 352256K, used 144373K [0x0000000700000000, 0x0000000800000000)
  region size 2048K, 5 young (10240K), 5 survivors (10240K)
 Metaspace       used 135688K, committed 138240K, reserved 1179648K
  class space    used 19225K, committed 20480K, reserved 1048576K
}
Event: 28.047 GC heap before
{Heap before GC invocations=50 (full 0):
 garbage-first heap   total 352256K, used 322549K [0x0000000700000000, 0x0000000800000000)
  region size 2048K, 90 young (184320K), 5 survivors (10240K)
 Metaspace       used 153354K, committed 155904K, reserved 1245184K
  class space    used 21221K, committed 22464K, reserved 1048576K
}
Event: 28.061 GC heap after
{Heap after GC invocations=51 (full 0):
 garbage-first heap   total 352256K, used 155920K [0x0000000700000000, 0x0000000800000000)
  region size 2048K, 12 young (24576K), 12 survivors (24576K)
 Metaspace       used 153354K, committed 155904K, reserved 1245184K
  class space    used 21221K, committed 22464K, reserved 1048576K
}
Event: 30.590 GC heap before
{Heap before GC invocations=51 (full 0):
 garbage-first heap   total 352256K, used 246032K [0x0000000700000000, 0x0000000800000000)
  region size 2048K, 57 young (116736K), 12 survivors (24576K)
 Metaspace       used 164103K, committed 166656K, reserved 1245184K
  class space    used 22340K, committed 23616K, reserved 1048576K
}
Event: 30.609 GC heap after
{Heap after GC invocations=52 (full 0):
 garbage-first heap   total 352256K, used 166838K [0x0000000700000000, 0x0000000800000000)
  region size 2048K, 6 young (12288K), 6 survivors (12288K)
 Metaspace       used 164103K, committed 166656K, reserved 1245184K
  class space    used 22340K, committed 23616K, reserved 1048576K
}

Dll operation events (3 events):
Event: 0.098 Loaded shared library C:\Program Files\Android\Android Studio\jbr\bin\java.dll
Event: 0.103 Loaded shared library C:\Program Files\Android\Android Studio\jbr\bin\zip.dll
Event: 0.807 Loaded shared library C:\Program Files\Android\Android Studio\jbr\bin\verify.dll

Deoptimization events (20 events):
Event: 34.804 Thread 0x00000194e8049cd0 Uncommon trap: trap_request=0xffffffd6 fr.pc=0x00000194d1c65244 relative=0x00000000000018a4
Event: 34.804 Thread 0x00000194e8049cd0 Uncommon trap: reason=array_check action=maybe_recompile pc=0x00000194d1c65244 method=ksp.com.intellij.psi.stubs.StubBase.fillFilteredChildren(Lksp/com/intellij/psi/tree/IElementType;[Lksp/com/intellij/psi/PsiElement;Ljava/util/List;)V @ 56 c2
Event: 34.804 Thread 0x00000194e8049cd0 DEOPT PACKING pc=0x00000194d1c65244 sp=0x00000001061f8710
Event: 34.804 Thread 0x00000194e8049cd0 DEOPT UNPACKING pc=0x00000194d0bc4422 sp=0x00000001061f8658 mode 2
Event: 34.804 Thread 0x00000194e8049cd0 Uncommon trap: trap_request=0xffffffd6 fr.pc=0x00000194d1c65244 relative=0x00000000000018a4
Event: 34.804 Thread 0x00000194e8049cd0 Uncommon trap: reason=array_check action=maybe_recompile pc=0x00000194d1c65244 method=ksp.com.intellij.psi.stubs.StubBase.fillFilteredChildren(Lksp/com/intellij/psi/tree/IElementType;[Lksp/com/intellij/psi/PsiElement;Ljava/util/List;)V @ 56 c2
Event: 34.804 Thread 0x00000194e8049cd0 DEOPT PACKING pc=0x00000194d1c65244 sp=0x00000001061f80a0
Event: 34.804 Thread 0x00000194e8049cd0 DEOPT UNPACKING pc=0x00000194d0bc4422 sp=0x00000001061f7fe8 mode 2
Event: 34.806 Thread 0x00000194e8049cd0 Uncommon trap: trap_request=0xffffffd6 fr.pc=0x00000194d1c5ebd0 relative=0x0000000000002110
Event: 34.806 Thread 0x00000194e8049cd0 Uncommon trap: reason=array_check action=maybe_recompile pc=0x00000194d1c5ebd0 method=ksp.com.intellij.psi.stubs.StubBase.fillFilteredChildren(Lksp/com/intellij/psi/tree/IElementType;[Lksp/com/intellij/psi/PsiElement;Ljava/util/List;)V @ 56 c2
Event: 34.806 Thread 0x00000194e8049cd0 DEOPT PACKING pc=0x00000194d1c5ebd0 sp=0x00000001061fc860
Event: 34.806 Thread 0x00000194e8049cd0 DEOPT UNPACKING pc=0x00000194d0bc4422 sp=0x00000001061fc710 mode 2
Event: 34.823 Thread 0x00000194e8049cd0 Uncommon trap: trap_request=0xffffffde fr.pc=0x00000194d1c41684 relative=0x0000000000001a24
Event: 34.823 Thread 0x00000194e8049cd0 Uncommon trap: reason=class_check action=maybe_recompile pc=0x00000194d1c41684 method=ksp.org.jetbrains.org.objectweb.asm.ClassReader.readElementValue(Lksp/org/jetbrains/org/objectweb/asm/AnnotationVisitor;ILjava/lang/String;[C)I @ 466 c2
Event: 34.823 Thread 0x00000194e8049cd0 DEOPT PACKING pc=0x00000194d1c41684 sp=0x00000001061f71a0
Event: 34.823 Thread 0x00000194e8049cd0 DEOPT UNPACKING pc=0x00000194d0bc4422 sp=0x00000001061f7138 mode 2
Event: 34.830 Thread 0x00000194e8049cd0 Uncommon trap: trap_request=0xffffff45 fr.pc=0x00000194d1bd5510 relative=0x0000000000000070
Event: 34.830 Thread 0x00000194e8049cd0 Uncommon trap: reason=unstable_if action=reinterpret pc=0x00000194d1bd5510 method=kotlin.jvm.internal.CollectionToArray.toArray(Ljava/util/Collection;)[Ljava/lang/Object; @ 19 c2
Event: 34.830 Thread 0x00000194e8049cd0 DEOPT PACKING pc=0x00000194d1bd5510 sp=0x00000001061f9380
Event: 34.830 Thread 0x00000194e8049cd0 DEOPT UNPACKING pc=0x00000194d0bc4422 sp=0x00000001061f92c8 mode 2

Classes loaded (20 events):
Event: 31.482 Loading class jdk/jfr/internal/EventControl$NamedControl
Event: 31.482 Loading class jdk/jfr/internal/EventControl$NamedControl done
Event: 31.483 Loading class jdk/jfr/internal/settings/BooleanValue
Event: 31.483 Loading class jdk/jfr/internal/settings/BooleanValue done
Event: 31.484 Loading class jdk/jfr/internal/periodic/JVMEventTask
Event: 31.484 Loading class jdk/jfr/internal/periodic/EventTask
Event: 31.484 Loading class jdk/jfr/internal/periodic/EventTask done
Event: 31.484 Loading class jdk/jfr/internal/periodic/JVMEventTask done
Event: 31.492 Loading class jdk/jfr/internal/MirrorEvent
Event: 31.492 Loading class jdk/jfr/internal/MirrorEvent done
Event: 31.494 Loading class jdk/jfr/internal/event/EventConfiguration
Event: 31.495 Loading class jdk/jfr/internal/event/EventConfiguration done
Event: 31.496 Loading class java/lang/annotation/Repeatable
Event: 31.496 Loading class java/lang/annotation/Repeatable done
Event: 31.499 Loading class jdk/jfr/SettingDefinition
Event: 31.499 Loading class jdk/jfr/SettingDefinition done
Event: 32.068 Loading class java/nio/channels/NonWritableChannelException
Event: 32.068 Loading class java/nio/channels/NonWritableChannelException done
Event: 32.077 Loading class java/util/stream/SortedOps$RefSortingSink
Event: 32.078 Loading class java/util/stream/SortedOps$RefSortingSink done

Classes unloaded (2 events):
Event: 30.690 Thread 0x00000194c41725a0 Unloading class 0x0000000801198800 'java/lang/invoke/LambdaForm$DMH+0x0000000801198800'
Event: 30.690 Thread 0x00000194c41725a0 Unloading class 0x0000000801198400 'java/lang/invoke/LambdaForm$DMH+0x0000000801198400'

Classes redefined (0 events):
No events

Internal exceptions (20 events):
Event: 29.647 Thread 0x00000194e8049cd0 Exception <a 'sun/nio/fs/WindowsException'{0x000000070f0fb8f8}> (0x000000070f0fb8f8) 
thrown [s\src\hotspot\share\prims\jni.cpp, line 537]
Event: 29.648 Thread 0x00000194e8049cd0 Exception <a 'sun/nio/fs/WindowsException'{0x000000070f0fc9f8}> (0x000000070f0fc9f8) 
thrown [s\src\hotspot\share\prims\jni.cpp, line 537]
Event: 29.648 Thread 0x00000194e8049cd0 Exception <a 'sun/nio/fs/WindowsException'{0x000000070f0fdae8}> (0x000000070f0fdae8) 
thrown [s\src\hotspot\share\prims\jni.cpp, line 537]
Event: 29.648 Thread 0x00000194e8049cd0 Exception <a 'sun/nio/fs/WindowsException'{0x000000070f0febf0}> (0x000000070f0febf0) 
thrown [s\src\hotspot\share\prims\jni.cpp, line 537]
Event: 29.648 Thread 0x00000194e8049cd0 Exception <a 'sun/nio/fs/WindowsException'{0x000000070f0ffd18}> (0x000000070f0ffd18) 
thrown [s\src\hotspot\share\prims\jni.cpp, line 537]
Event: 29.648 Thread 0x00000194e8049cd0 Exception <a 'sun/nio/fs/WindowsException'{0x000000070f101010}> (0x000000070f101010) 
thrown [s\src\hotspot\share\prims\jni.cpp, line 537]
Event: 29.648 Thread 0x00000194e8049cd0 Exception <a 'sun/nio/fs/WindowsException'{0x000000070f1020b0}> (0x000000070f1020b0) 
thrown [s\src\hotspot\share\prims\jni.cpp, line 537]
Event: 29.648 Thread 0x00000194e8049cd0 Exception <a 'sun/nio/fs/WindowsException'{0x000000070f103150}> (0x000000070f103150) 
thrown [s\src\hotspot\share\prims\jni.cpp, line 537]
Event: 29.648 Thread 0x00000194e8049cd0 Exception <a 'sun/nio/fs/WindowsException'{0x000000070f104240}> (0x000000070f104240) 
thrown [s\src\hotspot\share\prims\jni.cpp, line 537]
Event: 29.935 Thread 0x00000194e8049cd0 Implicit null exception at 0x00000194d1b1c5ba to 0x00000194d1b1c604
Event: 31.015 Thread 0x00000194e8049cd0 Exception <a 'java/lang/NoSuchMethodError'{0x00000007ff665db8}: 'void java.lang.invoke.DirectMethodHandle$Holder.invokeSpecial(java.lang.Object, java.lang.Object, int, java.lang.Object)'> (0x00000007ff665db8) 
thrown [s\src\hotspot\share\interpreter\linkResolver.cpp, line 784]
Event: 31.448 Thread 0x00000194e8049cd0 Exception <a 'java/lang/NoSuchMethodError'{0x0000000712b6fc50}: 'long java.lang.invoke.DirectMethodHandle$Holder.invokeVirtual(java.lang.Object, java.lang.Object)'> (0x0000000712b6fc50) 
thrown [s\src\hotspot\share\interpreter\linkResolver.cpp, line 784]
Event: 31.762 Thread 0x00000194e8049cd0 Exception <a 'java/lang/NoSuchMethodError'{0x0000000711f1f498}: 'java.lang.Object java.lang.invoke.DirectMethodHandle$Holder.invokeStatic(java.lang.Object, java.lang.Object, int, java.lang.Object)'> (0x0000000711f1f498) 
thrown [s\src\hotspot\share\interpreter\linkResolver.cpp, line 784]
Event: 32.949 Thread 0x00000194e8049cd0 Exception <a 'java/lang/NoSuchMethodError'{0x00000007104cd538}: 'java.lang.Object java.lang.invoke.DirectMethodHandle$Holder.invokeStatic(java.lang.Object, java.lang.Object, java.lang.Object, int, java.lang.Object, java.lang.Object, java.lang.Object)'> (0x00000007104cd538) 
thrown [s\src\hotspot\share\interpreter\linkResolver.cpp, line 784]
Event: 32.991 Thread 0x00000194e8049cd0 Exception <a 'java/lang/IncompatibleClassChangeError'{0x000000071026e448}: Found class java.lang.Object, but interface was expected> (0x000000071026e448) 
thrown [s\src\hotspot\share\interpreter\linkResolver.cpp, line 851]
Event: 33.374 Thread 0x00000194e6591680 Exception <a 'sun/nio/fs/WindowsException'{0x000000070e721280}> (0x000000070e721280) 
thrown [s\src\hotspot\share\prims\jni.cpp, line 537]
Event: 33.381 Thread 0x00000194e6591680 Exception <a 'sun/nio/fs/WindowsException'{0x000000070e44ba48}> (0x000000070e44ba48) 
thrown [s\src\hotspot\share\prims\jni.cpp, line 537]
Event: 33.381 Thread 0x00000194e6591680 Exception <a 'sun/nio/fs/WindowsException'{0x000000070e44d218}> (0x000000070e44d218) 
thrown [s\src\hotspot\share\prims\jni.cpp, line 537]
Event: 33.388 Thread 0x00000194e6591680 Exception <a 'sun/nio/fs/WindowsException'{0x000000070e26fab8}> (0x000000070e26fab8) 
thrown [s\src\hotspot\share\prims\jni.cpp, line 537]
Event: 34.735 Thread 0x00000194e8049cd0 Implicit null exception at 0x00000194d1c16200 to 0x00000194d1c16c28

ZGC Phase Switch (0 events):
No events

VM Operations (20 events):
Event: 33.101 Executing VM operation: HandshakeAllThreads (Deoptimize)
Event: 33.102 Executing VM operation: HandshakeAllThreads (Deoptimize) done
Event: 33.106 Executing VM operation: HandshakeAllThreads (Deoptimize)
Event: 33.107 Executing VM operation: HandshakeAllThreads (Deoptimize) done
Event: 33.111 Executing VM operation: HandshakeAllThreads (Deoptimize)
Event: 33.111 Executing VM operation: HandshakeAllThreads (Deoptimize) done
Event: 33.419 Executing VM operation: HandshakeAllThreads (Deoptimize)
Event: 33.419 Executing VM operation: HandshakeAllThreads (Deoptimize) done
Event: 33.498 Executing VM operation: ICBufferFull
Event: 33.498 Executing VM operation: ICBufferFull done
Event: 33.775 Executing VM operation: ICBufferFull
Event: 33.775 Executing VM operation: ICBufferFull done
Event: 33.954 Executing VM operation: ICBufferFull
Event: 33.955 Executing VM operation: ICBufferFull done
Event: 34.130 Executing VM operation: ICBufferFull
Event: 34.130 Executing VM operation: ICBufferFull done
Event: 34.611 Executing VM operation: HandshakeAllThreads (Deoptimize)
Event: 34.612 Executing VM operation: HandshakeAllThreads (Deoptimize) done
Event: 34.715 Executing VM operation: HandshakeAllThreads (Deoptimize)
Event: 34.715 Executing VM operation: HandshakeAllThreads (Deoptimize) done

Memory protections (0 events):
No events

Nmethod flushes (20 events):
Event: 30.720 Thread 0x00000194c41725a0 flushing  nmethod 0x00000194c995f010
Event: 30.720 Thread 0x00000194c41725a0 flushing  nmethod 0x00000194c9d19710
Event: 30.720 Thread 0x00000194c41725a0 flushing  nmethod 0x00000194ca205c10
Event: 30.720 Thread 0x00000194c41725a0 flushing  nmethod 0x00000194ca207790
Event: 30.720 Thread 0x00000194c41725a0 flushing  nmethod 0x00000194ca208090
Event: 30.720 Thread 0x00000194c41725a0 flushing  nmethod 0x00000194ca2e0a10
Event: 30.720 Thread 0x00000194c41725a0 flushing  nmethod 0x00000194ca2e3b10
Event: 30.720 Thread 0x00000194c41725a0 flushing  nmethod 0x00000194ca32f710
Event: 30.720 Thread 0x00000194c41725a0 flushing  nmethod 0x00000194ca330010
Event: 30.720 Thread 0x00000194c41725a0 flushing  nmethod 0x00000194ca330610
Event: 30.720 Thread 0x00000194c41725a0 flushing  nmethod 0x00000194ca330a90
Event: 30.720 Thread 0x00000194c41725a0 flushing  nmethod 0x00000194ca37bc90
Event: 30.720 Thread 0x00000194c41725a0 flushing  nmethod 0x00000194ca4c4510
Event: 30.720 Thread 0x00000194c41725a0 flushing  nmethod 0x00000194ca729e10
Event: 30.720 Thread 0x00000194c41725a0 flushing  nmethod 0x00000194ca811a90
Event: 30.720 Thread 0x00000194c41725a0 flushing  nmethod 0x00000194caa89810
Event: 30.720 Thread 0x00000194c41725a0 flushing  nmethod 0x00000194cab99910
Event: 30.720 Thread 0x00000194c41725a0 flushing  nmethod 0x00000194cab9a610
Event: 30.720 Thread 0x00000194c41725a0 flushing  nmethod 0x00000194cabf4e90
Event: 30.720 Thread 0x00000194c41725a0 flushing  nmethod 0x00000194cac72e10

Events (20 events):
Event: 27.723 Thread 0x00000194e05ab680 Thread added: 0x00000194e8c03420
Event: 27.881 Thread 0x00000194e8c03420 Thread exited: 0x00000194e8c03420
Event: 27.945 Thread 0x00000194e05ab680 Thread added: 0x00000194f1bca970
Event: 28.043 Thread 0x00000194e8049cd0 Thread added: 0x00000194f1a00e20
Event: 28.498 Thread 0x00000194f1bca970 Thread exited: 0x00000194f1bca970
Event: 28.542 Thread 0x00000194eab55b60 Thread exited: 0x00000194eab55b60
Event: 29.204 Thread 0x00000194f1a00e20 Thread added: 0x00000194ecdd3250
Event: 29.230 Thread 0x00000194ecdd3250 Thread added: 0x00000194ecdd0af0
Event: 29.241 Thread 0x00000194e05b19e0 Thread added: 0x00000194f1bccb80
Event: 29.643 Thread 0x00000194f1bccb80 Thread exited: 0x00000194f1bccb80
Event: 29.975 Thread 0x00000194e76d8970 Thread added: 0x00000194ecdd38e0
Event: 31.269 Thread 0x00000194e05ab680 Thread added: 0x00000194eab524e0
Event: 31.403 Thread 0x00000194eab524e0 Thread exited: 0x00000194eab524e0
Event: 31.457 Thread 0x00000194e05b19e0 Thread added: 0x00000194eab524e0
Event: 31.834 Thread 0x00000194eab524e0 Thread exited: 0x00000194eab524e0
Event: 32.059 Thread 0x00000194e05b19e0 Thread added: 0x00000194eab524e0
Event: 32.060 Thread 0x00000194e05b19e0 Thread added: 0x00000194e7fc6910
Event: 32.458 Thread 0x00000194e7fc6910 Thread exited: 0x00000194e7fc6910
Event: 32.458 Thread 0x00000194eab524e0 Thread exited: 0x00000194eab524e0
Event: 33.189 Thread 0x00000194e05b19e0 Thread added: 0x00000194ea96fbc0


Dynamic libraries:
0x00007ff613410000 - 0x00007ff61341a000 	C:\Program Files\Android\Android Studio\jbr\bin\java.exe
0x00007ff808ee0000 - 0x00007ff809146000 	C:\WINDOWS\SYSTEM32\ntdll.dll
0x00007ff8085d0000 - 0x00007ff808699000 	C:\WINDOWS\System32\KERNEL32.DLL
0x00007ff806400000 - 0x00007ff8067ff000 	C:\WINDOWS\System32\KERNELBASE.dll
0x00007ff8068d0000 - 0x00007ff806a1c000 	C:\WINDOWS\System32\ucrtbase.dll
0x00007fffa2030000 - 0x00007fffa2048000 	C:\Program Files\Android\Android Studio\jbr\bin\jli.dll
0x00007ffff23a0000 - 0x00007ffff23bb000 	C:\Program Files\Android\Android Studio\jbr\bin\VCRUNTIME140.dll
0x00007ff808840000 - 0x00007ff808a06000 	C:\WINDOWS\System32\USER32.dll
0x00007ff8060f0000 - 0x00007ff806117000 	C:\WINDOWS\System32\win32u.dll
0x00007fffd88f0000 - 0x00007fffd8b81000 	C:\WINDOWS\WinSxS\amd64_microsoft.windows.common-controls_6595b64144ccf1df_6.0.26100.8972_none_3e0da176e32f9d4b\COMCTL32.dll
0x00007ff808a10000 - 0x00007ff808a3b000 	C:\WINDOWS\System32\GDI32.dll
0x00007ff808a60000 - 0x00007ff808b09000 	C:\WINDOWS\System32\msvcrt.dll
0x00007ff806a30000 - 0x00007ff806b59000 	C:\WINDOWS\System32\gdi32full.dll
0x00007ff806b60000 - 0x00007ff806c03000 	C:\WINDOWS\System32\msvcp_win.dll
0x00007ff8081d0000 - 0x00007ff808202000 	C:\WINDOWS\System32\IMM32.DLL
0x00007ffff23e0000 - 0x00007ffff23ec000 	C:\Program Files\Android\Android Studio\jbr\bin\vcruntime140_1.dll
0x00007fff7ce70000 - 0x00007fff7cefd000 	C:\Program Files\Android\Android Studio\jbr\bin\msvcp140.dll
0x00007fff562c0000 - 0x00007fff56f56000 	C:\Program Files\Android\Android Studio\jbr\bin\server\jvm.dll
0x00007ff808ba0000 - 0x00007ff808c5c000 	C:\WINDOWS\System32\ADVAPI32.dll
0x00007ff808c70000 - 0x00007ff808d1a000 	C:\WINDOWS\System32\sechost.dll
0x00007ff808300000 - 0x00007ff808418000 	C:\WINDOWS\System32\RPCRT4.dll
0x00007ff808b10000 - 0x00007ff808b92000 	C:\WINDOWS\System32\WS2_32.dll
0x00007ff805f50000 - 0x00007ff805fae000 	C:\WINDOWS\SYSTEM32\POWRPROF.dll
0x00007ffff4710000 - 0x00007ffff4746000 	C:\WINDOWS\SYSTEM32\WINMM.dll
0x00007ff800000000 - 0x00007ff80000b000 	C:\WINDOWS\SYSTEM32\VERSION.dll
0x00007ff805f30000 - 0x00007ff805f45000 	C:\WINDOWS\SYSTEM32\UMPDC.dll
0x00007ff804de0000 - 0x00007ff804dfb000 	C:\WINDOWS\SYSTEM32\kernel.appcore.dll
0x00007ffff09f0000 - 0x00007ffff09fa000 	C:\Program Files\Android\Android Studio\jbr\bin\jimage.dll
0x00007ffff4c90000 - 0x00007ffff4ed2000 	C:\WINDOWS\SYSTEM32\DBGHELP.DLL
0x00007ff807710000 - 0x00007ff807a95000 	C:\WINDOWS\System32\combase.dll
0x00007ff808210000 - 0x00007ff8082e9000 	C:\WINDOWS\System32\OLEAUT32.dll
0x00007ffff2ab0000 - 0x00007ffff2aeb000 	C:\WINDOWS\SYSTEM32\dbgcore.DLL
0x00007ff8061b0000 - 0x00007ff80625c000 	C:\WINDOWS\System32\bcryptPrimitives.dll
0x00007fffefcc0000 - 0x00007fffefcce000 	C:\Program Files\Android\Android Studio\jbr\bin\instrument.dll
0x00007fffefe30000 - 0x00007fffefe50000 	C:\Program Files\Android\Android Studio\jbr\bin\java.dll
0x00007fffe84e0000 - 0x00007fffe84f8000 	C:\Program Files\Android\Android Studio\jbr\bin\zip.dll
0x00007ff806e70000 - 0x00007ff8075f8000 	C:\WINDOWS\System32\SHELL32.dll
0x00007ff803bb0000 - 0x00007ff80444b000 	C:\WINDOWS\SYSTEM32\windows.storage.dll
0x00007ff8080d0000 - 0x00007ff8081c9000 	C:\WINDOWS\System32\SHCORE.dll
0x00007ff807fd0000 - 0x00007ff808036000 	C:\WINDOWS\System32\shlwapi.dll
0x00007ff806010000 - 0x00007ff806039000 	C:\WINDOWS\SYSTEM32\profapi.dll
0x00007ffff0960000 - 0x00007ffff0970000 	C:\Program Files\Android\Android Studio\jbr\bin\net.dll
0x00007ffffe860000 - 0x00007ffffe988000 	C:\WINDOWS\SYSTEM32\WINHTTP.dll
0x00007ff805390000 - 0x00007ff8053fc000 	C:\WINDOWS\system32\mswsock.dll
0x00007fffe27e0000 - 0x00007fffe27f6000 	C:\Program Files\Android\Android Studio\jbr\bin\nio.dll
0x00007fffe23e0000 - 0x00007fffe23f0000 	C:\Program Files\Android\Android Studio\jbr\bin\verify.dll
0x00007fff88a20000 - 0x00007fff88a47000 	C:\Users\thusi\.gradle\native\660c5614fbf4a5f2a75b1949f50a0caf5cd603558e7d8a26e50b933a0cfb79d1\windows-amd64\native-platform.dll
0x00007fff7e120000 - 0x00007fff7e197000 	C:\Users\thusi\.gradle\native\0.2.8\x86_64-windows-gnu\gradle-fileevents.dll
0x00007fffda800000 - 0x00007fffda809000 	C:\Program Files\Android\Android Studio\jbr\bin\management.dll
0x00007fffcb8f0000 - 0x00007fffcb8fb000 	C:\Program Files\Android\Android Studio\jbr\bin\management_ext.dll
0x00007ff807aa0000 - 0x00007ff807aa8000 	C:\WINDOWS\System32\PSAPI.DLL
0x00007ff804780000 - 0x00007ff8047b3000 	C:\WINDOWS\SYSTEM32\IPHLPAPI.DLL
0x00007ff808d20000 - 0x00007ff808d2a000 	C:\WINDOWS\System32\NSI.dll
0x00007fffda810000 - 0x00007fffda819000 	C:\Program Files\Android\Android Studio\jbr\bin\extnet.dll
0x00007ff805680000 - 0x00007ff80569b000 	C:\WINDOWS\SYSTEM32\CRYPTSP.dll
0x00007ff804d40000 - 0x00007ff804d79000 	C:\WINDOWS\system32\rsaenh.dll
0x00007ff805440000 - 0x00007ff805472000 	C:\WINDOWS\SYSTEM32\USERENV.dll
0x00007ff805fe0000 - 0x00007ff80600a000 	C:\WINDOWS\SYSTEM32\bcrypt.dll
0x00007ff8056a0000 - 0x00007ff8056ac000 	C:\WINDOWS\SYSTEM32\CRYPTBASE.dll
0x00007ff802ef0000 - 0x00007ff802ef8000 	C:\WINDOWS\system32\wshunix.dll
0x00007fff7d510000 - 0x00007fff7d6a8000 	C:\Program Files\Android\Android Studio\jbr\bin\awt.dll
0x00007fffd1640000 - 0x00007fffd16b5000 	C:\WINDOWS\SYSTEM32\OLEACC.dll
0x00007ff8034e0000 - 0x00007ff80350f000 	C:\WINDOWS\SYSTEM32\dwmapi.dll
0x00007fffcb900000 - 0x00007fffcb944000 	C:\Program Files\Android\Android Studio\jbr\bin\nvdaControllerClient64.dll
0x00007ff802fd0000 - 0x00007ff80306f000 	C:\WINDOWS\SYSTEM32\apphelp.dll
0x00007ff803230000 - 0x00007ff8032d8000 	C:\WINDOWS\system32\uxtheme.dll
0x00007ff808d30000 - 0x00007ff808e8d000 	C:\WINDOWS\System32\MSCTF.dll
0x00007ff8086a0000 - 0x00007ff808839000 	C:\WINDOWS\System32\ole32.dll

JVMTI agents:
C:\Users\thusi\.gradle\wrapper\dists\gradle-9.3.1-bin\23ovyewtku6u96viwx3xl3oks\gradle-9.3.1\lib\agents\gradle-instrumentation-agent-9.3.1.jar path:C:\Program Files\Android\Android Studio\jbr\bin\instrument.dll, loaded, initialized, instrumentlib options:none

dbghelp: loaded successfully - version: 4.0.5 - missing functions: none
symbol engine: initialized successfully - sym options: 0x614 - pdb path: .;C:\Program Files\Android\Android Studio\jbr\bin;C:\WINDOWS\SYSTEM32;C:\WINDOWS\WinSxS\amd64_microsoft.windows.common-controls_6595b64144ccf1df_6.0.26100.8972_none_3e0da176e32f9d4b;C:\Program Files\Android\Android Studio\jbr\bin\server;C:\Users\thusi\.gradle\native\660c5614fbf4a5f2a75b1949f50a0caf5cd603558e7d8a26e50b933a0cfb79d1\windows-amd64;C:\Users\thusi\.gradle\native\0.2.8\x86_64-windows-gnu

VM Arguments:
jvm_args: --add-opens=java.base/java.lang=ALL-UNNAMED --add-opens=java.base/java.lang.invoke=ALL-UNNAMED --add-opens=java.base/java.util=ALL-UNNAMED --add-opens=java.prefs/java.util.prefs=ALL-UNNAMED --add-exports=jdk.compiler/com.sun.tools.javac.api=ALL-UNNAMED --add-exports=jdk.compiler/com.sun.tools.javac.util=ALL-UNNAMED --add-opens=java.base/java.util=ALL-UNNAMED --add-opens=java.prefs/java.util.prefs=ALL-UNNAMED --add-opens=java.base/java.nio.charset=ALL-UNNAMED --add-opens=java.base/java.net=ALL-UNNAMED --add-opens=java.base/java.util.concurrent=ALL-UNNAMED --add-opens=java.base/java.util.concurrent.atomic=ALL-UNNAMED --add-opens=java.xml/javax.xml.namespace=ALL-UNNAMED --add-opens=java.base/java.time=ALL-UNNAMED -Xmx4g -Dfile.encoding=UTF-8 -Duser.country=US -Duser.language=en -Duser.variant -javaagent:C:\Users\thusi\.gradle\wrapper\dists\gradle-9.3.1-bin\23ovyewtku6u96viwx3xl3oks\gradle-9.3.1\lib\agents\gradle-instrumentation-agent-9.3.1.jar 
java_command: org.gradle.launcher.daemon.bootstrap.GradleDaemon 9.3.1
java_class_path (initial): C:\Users\thusi\.gradle\wrapper\dists\gradle-9.3.1-bin\23ovyewtku6u96viwx3xl3oks\gradle-9.3.1\lib\gradle-daemon-main-9.3.1.jar
Launcher Type: SUN_STANDARD

[Global flags]
     intx CICompilerCount                          = 4                                         {product} {ergonomic}
     uint ConcGCThreads                            = 2                                         {product} {ergonomic}
     uint G1ConcRefinementThreads                  = 8                                         {product} {ergonomic}
   size_t G1HeapRegionSize                         = 2097152                                   {product} {ergonomic}
    uintx GCDrainStackTargetSize                   = 64                                        {product} {ergonomic}
   size_t InitialHeapSize                          = 134217728                                 {product} {ergonomic}
   size_t MarkStackSize                            = 4194304                                   {product} {ergonomic}
   size_t MaxHeapSize                              = 4294967296                                {product} {command line}
   size_t MaxNewSize                               = 2575302656                                {product} {ergonomic}
   size_t MinHeapDeltaBytes                        = 2097152                                   {product} {ergonomic}
   size_t MinHeapSize                              = 8388608                                   {product} {ergonomic}
    uintx NonNMethodCodeHeapSize                   = 5839372                                {pd product} {ergonomic}
    uintx NonProfiledCodeHeapSize                  = 122909434                              {pd product} {ergonomic}
    uintx ProfiledCodeHeapSize                     = 122909434                              {pd product} {ergonomic}
    uintx ReservedCodeCacheSize                    = 251658240                              {pd product} {ergonomic}
     bool SegmentedCodeCache                       = true                                      {product} {ergonomic}
   size_t SoftMaxHeapSize                          = 4294967296                             {manageable} {ergonomic}
     bool UseCompressedOops                        = true                           {product lp64_product} {ergonomic}
     bool UseG1GC                                  = true                                      {product} {ergonomic}
     bool UseLargePagesIndividualAllocation        = false                                  {pd product} {ergonomic}

Logging:
Log output configuration:
 #0: stdout all=warning uptime,level,tags foldmultilines=false
 #1: stderr all=off uptime,level,tags foldmultilines=false

Release file:
JAVA_VERSION="21.0.9" 
MODULES="java.base java.compiler java.datatransfer java.xml java.prefs java.desktop java.instrument java.logging java.management java.security.sasl java.naming java.rmi java.management.rmi java.net.http java.scripting java.security.jgss java.transaction.xa java.sql java.sql.rowset java.xml.crypto java.se java.smartcardio jdk.accessibility jdk.internal.jvmstat jdk.attach jdk.charsets jdk.internal.opt jdk.zipfs jdk.compiler jdk.crypto.ec jdk.crypto.cryptoki jdk.dynalink jdk.hotspot.agent jdk.httpserver jdk.internal.ed jdk.internal.le jdk.internal.vm.ci jdk.jartool jdk.javadoc jdk.jcmd jdk.jdeps jdk.jdwp.agent jdk.jdi jdk.jfr jdk.jlink jdk.jsobject jdk.localedata jdk.management jdk.management.agent jdk.management.jfr jdk.naming.dns jdk.naming.rmi jdk.net jdk.sctp jdk.security.auth jdk.security.jgss jdk.unsupported jdk.unsupported.desktop jdk.xml.dom" 
IMPLEMENTOR="JetBrains s.r.o." 
JAVA_RUNTIME_VERSION="21.0.9+-14787801-b1163.94" 
LIBC="default" 
OS_ARCH="x86_64" 
OS_NAME="Windows" 
SOURCE=".:git:0c757ddc9f2f" 

Environment Variables:
JAVA_HOME=C:\Program Files\Android\Android Studio\jbr
PATH=C:\Program Files\PowerShell\7;C:\Program Files (x86)\Common Files\Oracle\Java\java8path;C:\Program Files (x86)\Common Files\Oracle\Java\javapath;C:\Python313\Scripts\;C:\Python313\;C:\WINDOWS\system32;C:\WINDOWS;C:\WINDOWS\System32\Wbem;C:\WINDOWS\System32\WindowsPowerShell\v1.0\;C:\WINDOWS\System32\OpenSSH\;C:\ProgramData\ComposerSetup\bin;C:\ProgramData\chocolatey\bin;C:\Program Files\dotnet\;C:\Program Files (x86)\dotnet\C:\ProgramData\ComposerSetup\binC:\ProgramData\ComposerSetup\binC:\ProgramData\ComposerSetup\bin;C:\Program Files\PuTTY\;C:\Program Files (x86)\Windows Kits\10\Windows Performance Toolkit\;C:\Program Files\Microsoft SQL Server\150\Tools\Binn\;C:\Users\thusi\AppData\Local\Android\Sdk;C:\Users\thusi\develop\flutter\bin;C:\Users\thusi\AppData\Local\Android\Sdk\cmdline-tools\latest\bin;C:\Users\thusi\AppData\Local\Android\Sdk\tools;C:\Users\thusi\AppData\Local\Android\Sdk\tools\bin;C:\Users\thusi\AppData\Local\Android\Sdk\platform-tools;C:\Users\thusi\develop\flutter\bin;C:\Users\thusi\.cargo\bin;C:\Program Files\ImageMagick-7.1.1-Q16-HDRI;C:\Program Files\Void\bin;C:\Users\thusi\AppData\Local\nvm;C:\nvm4w\nodejs;C:\Program Files\eSpeak NG\;C:\Program Files\Docker\Docker\resources\bin;C:\Users\thusi\develop\flutter\bin;C:\Program Files\PowerShell\7\;C:\Program Files\GitExtensions\;C:\Program Files\Git\cmd;C:\Program Files\Topaz Labs LLC\Topaz Gigapixel AI\bin\;C:\laragon\bin\composer;C:\laragon\bin\git\bin;C:\laragon\bin\git\cmd;C:\laragon\bin\git\mingw64\bin;C:\laragon\bin\git\usr\bin;C:\laragon\bin\mysql\mysql-8.4.3-winx64\bin;C:\laragon\bin\ngrok;C:\laragon\bin\nodejs;C:\laragon\bin\php\php-8.4.16-nts-Win32-vs17-x64;C:\laragon\bin\python\python-3.13;C:\laragon\bin\python\python-3.13\Scripts;C:\laragon\usr\bin;C:\Users\thusi\AppData\Local\Yarn\config\global\node_modules\.bin;C:\Users\thusi\AppData\Roaming\Composer\vendor\bin;C:\Users\thusi\AppData\Roaming\npm;C:\Users\thusi\AppData\Local\pnpm;C:\Users\thusi\.cargo\bin;C:\Users\thusi\AppData\Local\Microsoft\WindowsApps;C:\Users\thusi\AppData\Local\GitHubDesktop\bin;C:\Users\thusi\develop\flutter\bin;C:\Program Files\ImageMagick-7.1.1-Q16-HDRI;C:\Users\thusi\AppData\Local\nvm;C:\nvm4w\nodejs;C:\Users\thusi\AppData\Local\Programs\Microsoft VS Code\bin;C:\Users\thusi\AppData\Local\Programs\Antigravity\bin;C:\Users\thusi\.deno\bin;C:\tools\dart-sdk\bin;C:\Users\thusi\AppData\Local\Pub\Cache\bin
USERNAME=thusi
OS=Windows_NT
PROCESSOR_IDENTIFIER=Intel64 Family 6 Model 158 Stepping 9, GenuineIntel
TMP=C:\Users\thusi\AppData\Local\Temp
TEMP=C:\Users\thusi\AppData\Local\Temp




Periodic native trim disabled

JNI global refs:
JNI global refs: 57, weak refs: 6

JNI global refs memory usage: 835, weak refs: 833

Process memory usage:
Resident Set Size: 687040K (8% of 8266948K total physical memory with 384700K free physical memory)

OOME stack traces (most recent first):
Classloader memory used:
Loader java.net.URLClassLoader                                                         : 54046K
Loader org.gradle.internal.classloader.VisitableURLClassLoader                         : 44625K
Loader bootstrap                                                                       : 32028K
Loader org.gradle.internal.classloader.VisitableURLClassLoader$InstrumentingVisitableURLClassLoader: 27588K
Loader org.gradle.initialization.MixInLegacyTypesClassLoader                           : 15826K
Loader jdk.internal.reflect.DelegatingClassLoader                                      : 736K
Loader org.gradle.internal.classloader.VisitableURLClassLoader                         : 406K
Loader jdk.internal.jrtfs.JrtFileSystemProvider$JrtFsLoader                            : 314K
Loader jdk.internal.loader.ClassLoaders$AppClassLoader                                 : 231K
Loader jdk.internal.loader.ClassLoaders$PlatformClassLoader                            : 221K

Classes loaded by more than one classloader:
Class Program                                                                         : loaded 5 times (x 72B)
Class com.google.common.collect.ImmutableList$SubList                                 : loaded 3 times (x 208B)
Class com.google.common.collect.ImmutableSet$SetBuilderImpl                           : loaded 3 times (x 76B)
Class com.google.common.collect.ImmutableList                                         : loaded 3 times (x 207B)
Class Build_gradle                                                                    : loaded 3 times (x 126B)
Class com.google.common.collect.PeekingIterator                                       : loaded 3 times (x 70B)
Class com.google.common.base.Preconditions                                            : loaded 3 times (x 71B)
Class com.google.common.collect.Hashing                                               : loaded 3 times (x 71B)
Class com.google.common.collect.ImmutableSet$RegularSetBuilderImpl                    : loaded 3 times (x 77B)
Class com.google.common.collect.ImmutableSet                                          : loaded 3 times (x 145B)
Class com.google.common.math.IntMath$1                                                : loaded 3 times (x 71B)
Class com.google.common.collect.RegularImmutableList                                  : loaded 3 times (x 208B)
Class com.google.common.math.IntMath                                                  : loaded 3 times (x 71B)
Class com.google.common.collect.Iterators$MergingIterator                             : loaded 3 times (x 81B)
Class com.google.common.collect.ImmutableAsList                                       : loaded 3 times (x 210B)
Class com.google.common.collect.Iterators$9                                           : loaded 3 times (x 81B)
Class com.google.common.collect.ImmutableSet$CachingAsList                            : loaded 3 times (x 148B)
Class com.google.common.collect.ImmutableCollection                                   : loaded 3 times (x 125B)
Class com.google.common.collect.ImmutableList$1                                       : loaded 3 times (x 97B)
Class com.google.common.collect.ImmutableSet$JdkBackedSetBuilderImpl                  : loaded 3 times (x 76B)
Class com.google.common.collect.Iterators$5                                           : loaded 3 times (x 82B)
Class com.google.common.collect.Iterators$4                                           : loaded 3 times (x 82B)
Class com.google.common.collect.SingletonImmutableSet                                 : loaded 3 times (x 146B)
Class com.google.common.collect.Iterators$1                                           : loaded 3 times (x 81B)
Class com.google.common.collect.ImmutableList$ReverseImmutableList                    : loaded 3 times (x 208B)
Class com.google.common.collect.RegularImmutableSet                                   : loaded 3 times (x 149B)
Class com.google.common.collect.SingletonImmutableList                                : loaded 3 times (x 208B)
Class com.google.common.collect.Multimap                                              : loaded 3 times (x 70B)
Class com.google.common.math.MathPreconditions                                        : loaded 3 times (x 71B)
Class com.google.common.collect.AbstractIndexedListIterator                           : loaded 3 times (x 96B)
Class com.google.common.collect.UnmodifiableListIterator                              : loaded 3 times (x 95B)
Class com.google.common.collect.AbstractIterator                                      : loaded 3 times (x 82B)
Class com.google.common.collect.Iterators                                             : loaded 3 times (x 71B)
Class com.google.common.collect.RegularImmutableAsList                                : loaded 3 times (x 218B)
Class com.google.common.collect.Iterators$SingletonIterator                           : loaded 3 times (x 81B)
Class com.google.common.collect.UnmodifiableIterator                                  : loaded 3 times (x 80B)
Class com.google.common.collect.ImmutableCollection$Builder                           : loaded 3 times (x 76B)
Class com.google.common.collect.Iterators$ArrayItr                                    : loaded 3 times (x 97B)
Class [Lcom.google.common.cache.CacheBuilder$OneWeigher;                              : loaded 2 times (x 69B)
Class com.google.common.base.Suppliers                                                : loaded 2 times (x 71B)
Class org.gradle.internal.classloader.DefaultClassLoaderFactory                       : loaded 2 times (x 82B)
Class kotlin.KotlinVersion$Companion                                                  : loaded 2 times (x 71B)
Class kotlin.sequences.SequencesKt___SequencesKt                                      : loaded 2 times (x 71B)
Class kotlin.collections.AbstractList$Companion                                       : loaded 2 times (x 71B)
Class org.gradle.internal.classloader.ClassLoaderVisitor                              : loaded 2 times (x 76B)
Class [Ldagger.hilt.processor.internal.optionvalues.GradleProjectType;                : loaded 2 times (x 69B)
Class kotlin.sequences.SequencesKt___SequencesKt$flatMap$2                            : loaded 2 times (x 125B)
Class kotlin.io.FileTreeWalk$FileTreeWalkIterator                                     : loaded 2 times (x 83B)
Class [Lcom.google.common.collect.ImmutableMapEntry;                                  : loaded 2 times (x 69B)
Class org.gradle.api.internal.classpath.EffectiveClassPath                            : loaded 2 times (x 90B)
Class kotlin.coroutines.ContinuationInterceptor                                       : loaded 2 times (x 70B)
Class kotlin.text.StringsKt__AppendableKt                                             : loaded 2 times (x 71B)
Class com.google.common.collect.ListMultimap                                          : loaded 2 times (x 70B)
Class com.google.common.collect.ImmutableEnumMap                                      : loaded 2 times (x 126B)
Class kotlin.jvm.internal.ArrayIteratorKt                                             : loaded 2 times (x 71B)
Class kotlin.reflect.KProperty$Accessor                                               : loaded 2 times (x 70B)
Class [Lkotlin.reflect.KCallable;                                                     : loaded 2 times (x 69B)
Class kotlin.jvm.internal.AdaptedFunctionReference                                    : loaded 2 times (x 77B)
Class com.google.common.collect.Sets$1                                                : loaded 2 times (x 139B)
Class org.objectweb.asm.AnnotationVisitor                                             : loaded 2 times (x 78B)
Class org.gradle.api.internal.DefaultClassPathProvider                                : loaded 2 times (x 76B)
Class kotlin.collections.builders.MapBuilder$EntryRef                                 : loaded 2 times (x 81B)
Class kotlin.sequences.SequenceScope                                                  : loaded 2 times (x 73B)
Class kotlin.text.StringsKt__StringNumberConversionsJVMKt                             : loaded 2 times (x 71B)
Class kotlin.sequences.Sequence                                                       : loaded 2 times (x 70B)
Class com.google.common.collect.Sets$2                                                : loaded 2 times (x 139B)
Class [Lorg.gradle.api.internal.ClassPathProvider;                                    : loaded 2 times (x 69B)
Class org.gradle.api.internal.ClassPathProvider                                       : loaded 2 times (x 70B)
Class kotlin.jvm.functions.Function20                                                 : loaded 2 times (x 70B)
Class kotlin.collections.CollectionsKt___CollectionsKt$asSequence$$inlined$Sequence$1 : loaded 2 times (x 75B)
Class [Lorg.objectweb.asm.AnnotationVisitor;                                          : loaded 2 times (x 69B)
Class com.google.common.collect.Sets$3                                                : loaded 2 times (x 139B)
Class com.google.common.cache.LocalCache$LocalLoadingCache                            : loaded 2 times (x 134B)
Class org.gradle.internal.service.UnknownServiceException                             : loaded 2 times (x 83B)
Class kotlin.jvm.functions.Function21                                                 : loaded 2 times (x 70B)
Class com.google.common.collect.Sets$4                                                : loaded 2 times (x 139B)
Class org.objectweb.asm.ModuleVisitor                                                 : loaded 2 times (x 81B)
Class com.google.common.cache.LocalCache$Strength$1                                   : loaded 2 times (x 81B)
Class kotlin.annotation.AnnotationRetention                                           : loaded 2 times (x 79B)
Class kotlin.collections.builders.MapBuilderEntries                                   : loaded 2 times (x 145B)
Class kotlin.jvm.functions.Function22                                                 : loaded 2 times (x 70B)
Class kotlin.collections.MapWithDefault                                               : loaded 2 times (x 70B)
Class kotlin.coroutines.jvm.internal.SuspendLambda                                    : loaded 2 times (x 91B)
Class kotlin.coroutines.jvm.internal.ContinuationImpl                                 : loaded 2 times (x 87B)
Class com.google.common.util.concurrent.SettableFuture                                : loaded 2 times (x 114B)
Class com.google.common.cache.LocalCache$Strength$2                                   : loaded 2 times (x 81B)
Class kotlin.reflect.KTypeParameter                                                   : loaded 2 times (x 70B)
Class kotlin.text.StringsKt__RegexExtensionsJVMKt                                     : loaded 2 times (x 71B)
Class kotlin.collections.ArraysKt___ArraysJvmKt                                       : loaded 2 times (x 71B)
Class kotlin.collections.CollectionsKt__CollectionsKt                                 : loaded 2 times (x 71B)
Class com.google.common.cache.LocalCache$Strength$3                                   : loaded 2 times (x 81B)
Class com.google.common.collect.MapDifference                                         : loaded 2 times (x 70B)
Class kotlin.text.Regex$Companion                                                     : loaded 2 times (x 71B)
Class kotlin._Assertions                                                              : loaded 2 times (x 71B)
Class org.objectweb.asm.FieldWriter                                                   : loaded 2 times (x 78B)
Class com.google.common.cache.CacheBuilder$NullListener                               : loaded 2 times (x 82B)
Class org.gradle.internal.classpath.TransformedClassPath                              : loaded 2 times (x 96B)
Class org.gradle.internal.classloader.InstrumentingClassLoader                        : loaded 2 times (x 70B)
Class org.objectweb.asm.MethodTooLargeException                                       : loaded 2 times (x 83B)
Class com.google.common.base.Platform$JdkPatternCompiler                              : loaded 2 times (x 75B)
Class [Lkotlin.annotation.AnnotationTarget;                                           : loaded 2 times (x 69B)
Class kotlin.jvm.internal.FunctionReference                                           : loaded 2 times (x 122B)
Class [Lkotlin.coroutines.intrinsics.CoroutineSingletons;                             : loaded 2 times (x 69B)
Class kotlin.jvm.internal.FunctionBase                                                : loaded 2 times (x 70B)
Class kotlin.enums.EnumEntriesList                                                    : loaded 2 times (x 223B)
Class com.google.common.cache.CacheLoader$FunctionToCacheLoader                       : loaded 2 times (x 75B)
Class kotlin.collections.builders.AbstractMapBuilderEntrySet                          : loaded 2 times (x 144B)
Class kotlin.comparisons.ComparisonsKt___ComparisonsJvmKt                             : loaded 2 times (x 71B)
Class kotlin.collections.builders.ListBuilder$Companion                               : loaded 2 times (x 71B)
Class kotlin.collections.builders.ListBuilder                                         : loaded 2 times (x 207B)
Class kotlin.collections.CollectionsKt__IteratorsJVMKt                                : loaded 2 times (x 71B)
Class com.google.common.base.Joiner                                                   : loaded 2 times (x 79B)
Class com.google.common.base.MoreObjects                                              : loaded 2 times (x 71B)
Class [Lkotlin.reflect.KClass;                                                        : loaded 2 times (x 69B)
Class kotlin.reflect.KProperty0                                                       : loaded 2 times (x 70B)
Class kotlin.Result                                                                   : loaded 2 times (x 72B)
Class com.google.common.collect.Platform                                              : loaded 2 times (x 71B)
Class [Lorg.objectweb.asm.Type;                                                       : loaded 2 times (x 69B)
Class org.gradle.internal.service.ServiceLocator                                      : loaded 2 times (x 70B)
Class jdk.internal.jrtfs.JrtFileSystemProvider                                        : loaded 2 times (x 101B)
Class org.objectweb.asm.ClassVisitor                                                  : loaded 2 times (x 88B)
Class kotlin.reflect.KClass                                                           : loaded 2 times (x 70B)
Class kotlin.reflect.KProperty1                                                       : loaded 2 times (x 70B)
Class kotlin.sequences.TransformingSequence$iterator$1                                : loaded 2 times (x 79B)
Class kotlin.Pair                                                                     : loaded 2 times (x 72B)
Class com.google.common.base.Ascii                                                    : loaded 2 times (x 71B)
Class com.google.common.collect.SingletonImmutableBiMap                               : loaded 2 times (x 143B)
Class com.google.common.cache.LocalCache$1                                            : loaded 2 times (x 89B)
Class com.google.common.collect.AbstractMapEntry                                      : loaded 2 times (x 81B)
Class kotlin.reflect.KProperty2                                                       : loaded 2 times (x 70B)
Class kotlin.collections.CollectionsKt__MutableCollectionsKt                          : loaded 2 times (x 71B)
Class kotlin.io.CloseableKt                                                           : loaded 2 times (x 71B)
Class com.google.common.collect.Sets$ImprovedAbstractSet                              : loaded 2 times (x 135B)
Class com.google.common.collect.ImmutableList$Builder                                 : loaded 2 times (x 77B)
Class com.google.common.collect.AbstractMultimap                                      : loaded 2 times (x 123B)
Class com.google.common.cache.LocalCache$2                                            : loaded 2 times (x 142B)
Class [Lorg.objectweb.asm.Symbol;                                                     : loaded 2 times (x 69B)
Class kotlin.io.TerminateException                                                    : loaded 2 times (x 82B)
Class kotlin.io.FilesKt__FilePathComponentsKt                                         : loaded 2 times (x 71B)
Class kotlin.reflect.KCallable                                                        : loaded 2 times (x 70B)
Class kotlin.coroutines.CoroutineContext$Element                                      : loaded 2 times (x 70B)
Class kotlin.sequences.TransformingSequence                                           : loaded 2 times (x 75B)
Class kotlin.collections.AbstractIterator                                             : loaded 2 times (x 83B)
Class kotlin.text.CharsKt                                                             : loaded 2 times (x 71B)
Class com.google.common.util.concurrent.AbstractFuture$Trusted                        : loaded 2 times (x 70B)
Class jdk.internal.jimage.ImageLocation                                               : loaded 2 times (x 90B)
Class kotlin.coroutines.ContinuationInterceptor$Key                                   : loaded 2 times (x 71B)
Class kotlin.text.DelimitedRangesSequence$iterator$1                                  : loaded 2 times (x 79B)
Class com.google.common.collect.Lists$StringAsImmutableList                           : loaded 2 times (x 207B)
Class com.google.common.util.concurrent.UncheckedExecutionException                   : loaded 2 times (x 82B)
Class org.gradle.kotlin.dsl.VersionCatalogAccessorsKt                                 : loaded 2 times (x 71B)
Class kotlin.collections.builders.MapBuilder$EntriesItr                               : loaded 2 times (x 81B)
Class kotlin.io.FileTreeWalk$FileTreeWalkIterator$WhenMappings                        : loaded 2 times (x 71B)
Class jdk.internal.jimage.ImageBufferCache$1                                          : loaded 2 times (x 83B)
Class kotlin.collections.ArraysKt___ArraysKt$asSequence$$inlined$Sequence$1           : loaded 2 times (x 75B)
Class kotlin.time.DurationUnitKt__DurationUnitJvmKt                                   : loaded 2 times (x 71B)
Class kotlin.collections.MapsKt__MapsJVMKt                                            : loaded 2 times (x 71B)
Class kotlin.collections.EmptyList                                                    : loaded 2 times (x 174B)
Class com.google.common.collect.AbstractMapBasedMultimap$KeySet$1                     : loaded 2 times (x 82B)
Class org.objectweb.asm.ClassWriter                                                   : loaded 2 times (x 106B)
Class com.google.common.cache.CacheLoader$UnsupportedLoadingOperationException        : loaded 2 times (x 82B)
Class com.google.common.base.CharMatcher$And                                          : loaded 2 times (x 112B)
Class org.gradle.internal.classloader.ClasspathUtil$1                                 : loaded 2 times (x 76B)
Class jdk.internal.jimage.ImageBufferCache$2                                          : loaded 2 times (x 91B)
Class kotlin.coroutines.ContinuationKt                                                : loaded 2 times (x 71B)
Class kotlin.collections.builders.ListBuilderKt                                       : loaded 2 times (x 71B)
Class org.objectweb.asm.FieldVisitor                                                  : loaded 2 times (x 77B)
Class com.google.common.collect.IndexedImmutableSet                                   : loaded 2 times (x 152B)
Class com.google.common.collect.ImmutableMap$1                                        : loaded 2 times (x 81B)
Class com.google.common.collect.BiMap                                                 : loaded 2 times (x 70B)
Class org.gradle.api.internal.classpath.DefaultModuleRegistry$DefaultModule           : loaded 2 times (x 86B)
Class kotlin.collections.builders.ListBuilder$Itr                                     : loaded 2 times (x 94B)
Class kotlin.ResultKt                                                                 : loaded 2 times (x 71B)
Class com.google.common.primitives.Ints                                               : loaded 2 times (x 71B)
Class jdk.internal.jimage.decompressor.StringSharingDecompressorFactory               : loaded 2 times (x 74B)
Class com.google.common.collect.ImmutableMap$MapViewOfValuesAsSingletonSets           : loaded 2 times (x 126B)
Class kotlin.collections.IndexingIterable                                             : loaded 2 times (x 79B)
Class kotlin.Result$Failure                                                           : loaded 2 times (x 72B)
Class kotlin.collections.ArraysKt__ArraysKt                                           : loaded 2 times (x 71B)
Class com.google.common.collect.ObjectArrays                                          : loaded 2 times (x 71B)
Class com.google.common.collect.Multiset                                              : loaded 2 times (x 70B)
Class com.google.common.collect.ArrayListMultimapGwtSerializationDependencies         : loaded 2 times (x 172B)
Class dagger.hilt.processor.internal.optionvalues.GradleProjectType                   : loaded 2 times (x 79B)
Class kotlin.collections.SetsKt__SetsJVMKt                                            : loaded 2 times (x 71B)
Class kotlin.Function                                                                 : loaded 2 times (x 70B)
Class com.google.common.collect.ImmutableMapEntrySet                                  : loaded 2 times (x 152B)
Class org.gradle.api.internal.classpath.Module                                        : loaded 2 times (x 70B)
Class kotlin.KotlinVersion                                                            : loaded 2 times (x 74B)
Class kotlin.reflect.KMutableProperty                                                 : loaded 2 times (x 70B)
Class kotlin.io.FileAlreadyExistsException                                            : loaded 2 times (x 82B)
Class kotlin.internal.ProgressionUtilKt                                               : loaded 2 times (x 71B)
Class com.google.common.cache.Weigher                                                 : loaded 2 times (x 70B)
Class org.gradle.api.internal.classpath.UnknownModuleException                        : loaded 2 times (x 82B)
Class jdk.internal.jimage.ImageHeader                                                 : loaded 2 times (x 71B)
Class kotlin.jvm.internal.PropertyReference                                           : loaded 2 times (x 115B)
Class com.google.common.base.Stopwatch                                                : loaded 2 times (x 72B)
Class com.google.common.cache.LocalCache$Strength                                     : loaded 2 times (x 81B)
Class com.google.common.cache.Cache                                                   : loaded 2 times (x 70B)
Class kotlin.collections.IndexingIterator                                             : loaded 2 times (x 79B)
Class com.google.common.util.concurrent.AbstractFuture$Cancellation                   : loaded 2 times (x 72B)
Class com.google.common.collect.ImmutableMap$Builder                                  : loaded 2 times (x 82B)
Class [Lkotlin.reflect.KAnnotatedElement;                                             : loaded 2 times (x 69B)
Class com.google.common.cache.RemovalListener                                         : loaded 2 times (x 70B)
Class org.gradle.api.internal.DefaultClassPathRegistry                                : loaded 2 times (x 76B)
Class com.google.common.collect.RegularImmutableMap                                   : loaded 2 times (x 121B)
Class kotlin.annotation.AnnotationTarget                                              : loaded 2 times (x 79B)
Class kotlin.jvm.JvmClassMappingKt                                                    : loaded 2 times (x 71B)
Class kotlin.jvm.internal.Reflection                                                  : loaded 2 times (x 71B)
Class kotlin.reflect.KProperty                                                        : loaded 2 times (x 70B)
Class kotlin.ranges.ClosedRange                                                       : loaded 2 times (x 70B)
Class com.google.common.primitives.IntsMethodsForWeb                                  : loaded 2 times (x 71B)
Class org.gradle.api.internal.ClassPathRegistry                                       : loaded 2 times (x 70B)
Class org.gradle.internal.classpath.DefaultClassPath$ImmutableUniqueList              : loaded 2 times (x 199B)
Class jdk.internal.jimage.decompressor.ResourceDecompressor                           : loaded 2 times (x 70B)
Class kotlin.jvm.internal.TypeIntrinsics                                              : loaded 2 times (x 71B)
Class kotlin.text.StringsKt__StringsJVMKt                                             : loaded 2 times (x 71B)
Class kotlin.ranges.IntProgression$Companion                                          : loaded 2 times (x 71B)
Class kotlin.time.DurationUnit                                                        : loaded 2 times (x 79B)
Class kotlin.text.StringsKt__IndentKt                                                 : loaded 2 times (x 71B)
Class kotlin.collections.SetsKt                                                       : loaded 2 times (x 71B)
Class kotlin.collections.builders.MapBuilder                                          : loaded 2 times (x 112B)
Class com.google.common.cache.CacheBuilder                                            : loaded 2 times (x 72B)
Class Settings_gradle$1                                                               : loaded 2 times (x 74B)
Class org.gradle.internal.classpath.ClassPath                                         : loaded 2 times (x 70B)
Class org.gradle.api.internal.classpath.ManifestUtil                                  : loaded 2 times (x 71B)
Class kotlin.collections.ArrayDeque                                                   : loaded 2 times (x 207B)
Class kotlin.reflect.KFunction                                                        : loaded 2 times (x 70B)
Class com.google.common.base.JdkPattern                                               : loaded 2 times (x 75B)
Class kotlin.time.DurationUnitKt__DurationUnitKt                                      : loaded 2 times (x 71B)
Class [Lkotlin.reflect.KDeclarationContainer;                                         : loaded 2 times (x 69B)
Class kotlin.jvm.internal.Lambda                                                      : loaded 2 times (x 75B)
Class kotlin.collections.MapsKt__MapsKt                                               : loaded 2 times (x 71B)
Class com.google.errorprone.annotations.DoNotMock                                     : loaded 2 times (x 70B)
Class org.objectweb.asm.SymbolTable$Entry                                             : loaded 2 times (x 74B)
Class jdk.internal.jimage.ImageStringsReader                                          : loaded 2 times (x 80B)
Class com.google.common.util.concurrent.ExecutionError                                : loaded 2 times (x 82B)
Class kotlin.jvm.internal.markers.KMutableMap$Entry                                   : loaded 2 times (x 70B)
Class org.objectweb.asm.Edge                                                          : loaded 2 times (x 72B)
Class com.google.common.base.Suppliers$SupplierOfInstance                             : loaded 2 times (x 79B)
Class com.google.common.collect.ImmutableEnumSet                                      : loaded 2 times (x 146B)
Class kotlin.properties.Delegates                                                     : loaded 2 times (x 71B)
Class kotlin.Metadata                                                                 : loaded 2 times (x 70B)
Class kotlin.collections.AbstractMutableSet                                           : loaded 2 times (x 142B)
Class com.google.devtools.ksp.processing.KSPJvmConfig                                 : loaded 2 times (x 72B)
Class kotlin.UninitializedPropertyAccessException                                     : loaded 2 times (x 82B)
Class com.google.common.cache.LocalCache$ComputingValueReference                      : loaded 2 times (x 96B)
Class com.google.common.collect.ImmutableMap$IteratorBasedImmutableMap                : loaded 2 times (x 126B)
Class jdk.internal.jimage.ImageReader                                                 : loaded 2 times (x 75B)
Class kotlin.reflect.KProperty$Getter                                                 : loaded 2 times (x 70B)
Class com.google.common.cache.LocalCache$Segment                                      : loaded 2 times (x 154B)
Class jdk.internal.jimage.ImageReader$SharedImageReader                               : loaded 2 times (x 95B)
Class kotlin.SafePublicationLazyImpl$Companion                                        : loaded 2 times (x 71B)
Class kotlin.time.DurationJvmKt                                                       : loaded 2 times (x 71B)
Class kotlin.SafePublicationLazyImpl                                                  : loaded 2 times (x 76B)
Class com.google.common.collect.AbstractListMultimap                                  : loaded 2 times (x 172B)
Class [Lorg.objectweb.asm.SymbolTable$Entry;                                          : loaded 2 times (x 69B)
Class com.google.common.cache.CacheLoader                                             : loaded 2 times (x 74B)
Class com.google.common.collect.ImmutableBiMap                                        : loaded 2 times (x 143B)
Class org.gradle.api.internal.classpath.ModuleRegistry                                : loaded 2 times (x 70B)
Class org.gradle.internal.installation.GradleInstallation$1                           : loaded 2 times (x 75B)
Class jdk.internal.jimage.decompressor.ResourceDecompressorFactory                    : loaded 2 times (x 74B)
Class kotlin.jvm.internal.PropertyReference1Impl                                      : loaded 2 times (x 127B)
Class kotlin.jvm.internal.MutablePropertyReference1                                   : loaded 2 times (x 137B)
Class com.google.devtools.ksp.processing.KSPLogger                                    : loaded 2 times (x 70B)
Class com.google.common.util.concurrent.internal.InternalFutureFailureAccess          : loaded 2 times (x 72B)
Class kotlin.time.Duration$Companion                                                  : loaded 2 times (x 71B)
Class kotlin.coroutines.intrinsics.IntrinsicsKt__IntrinsicsKt                         : loaded 2 times (x 71B)
Class com.google.common.cache.LocalCache$LocalManualCache$1                           : loaded 2 times (x 75B)
Class com.google.common.base.CharMatcher$ForPredicate                                 : loaded 2 times (x 112B)
Class jdk.internal.jimage.ImageReader$Node                                            : loaded 2 times (x 84B)
Class org.gradle.internal.classloader.ClassLoaderHierarchy                            : loaded 2 times (x 70B)
Class kotlin.io.FilesKt__UtilsKt                                                      : loaded 2 times (x 71B)
Class kotlin.collections.CollectionsKt__CollectionsJVMKt                              : loaded 2 times (x 71B)
Class com.google.common.base.CharMatcher$AnyOf                                        : loaded 2 times (x 112B)
Class org.gradle.api.internal.classpath.DefaultModuleRegistry                         : loaded 2 times (x 86B)
Class jdk.internal.jimage.BasicImageReader$1                                          : loaded 2 times (x 77B)
Class com.google.common.base.CharMatcher$IsEither                                     : loaded 2 times (x 111B)
Class kotlin.collections.IndexedValue                                                 : loaded 2 times (x 72B)
Class kotlin.KotlinVersionCurrentValue                                                : loaded 2 times (x 71B)
Class kotlin.collections.builders.MapBuilder$Itr                                      : loaded 2 times (x 72B)
Class kotlin.sequences.SequencesKt                                                    : loaded 2 times (x 71B)
Class kotlin.collections.CollectionsKt__IteratorsKt                                   : loaded 2 times (x 71B)
Class com.google.common.collect.Lists                                                 : loaded 2 times (x 71B)
Class com.google.common.util.concurrent.ListenableFuture                              : loaded 2 times (x 70B)
Class com.google.common.cache.ReferenceEntry                                          : loaded 2 times (x 70B)
Class com.google.common.base.Converter                                                : loaded 2 times (x 90B)
Class kotlin.collections.CollectionsKt__ReversedViewsKt                               : loaded 2 times (x 71B)
Class kotlin.sequences.SequencesKt__SequenceBuilderKt                                 : loaded 2 times (x 71B)
Class kotlin.jvm.internal.markers.KMutableSet                                         : loaded 2 times (x 70B)
Class kotlin.text.StringsKt                                                           : loaded 2 times (x 71B)
Class com.google.common.collect.AbstractMapBasedMultimap                              : loaded 2 times (x 139B)
Class com.google.common.util.concurrent.AbstractFuture                                : loaded 2 times (x 106B)
Class com.google.common.base.FunctionalEquivalence                                    : loaded 2 times (x 83B)
Class kotlin.coroutines.jvm.internal.RestrictedContinuationImpl                       : loaded 2 times (x 87B)
Class kotlin.coroutines.CoroutineContext$Key                                          : loaded 2 times (x 70B)
Class kotlin.LazyKt__LazyJVMKt                                                        : loaded 2 times (x 71B)
Class org.objectweb.asm.RecordComponentVisitor                                        : loaded 2 times (x 77B)
Class com.google.common.cache.CacheLoader$SupplierToCacheLoader                       : loaded 2 times (x 75B)
Class jdk.internal.jimage.decompressor.Decompressor                                   : loaded 2 times (x 72B)
Class [Lkotlin.Pair;                                                                  : loaded 2 times (x 69B)
Class kotlin.jvm.internal.markers.KMutableList                                        : loaded 2 times (x 70B)
Class kotlin.sequences.FilteringSequence$iterator$1                                   : loaded 2 times (x 79B)
Class kotlin.text.StringsKt__StringNumberConversionsKt                                : loaded 2 times (x 71B)
Class com.google.common.collect.Maps$EntryTransformer                                 : loaded 2 times (x 70B)
Class org.gradle.internal.service.ServiceLookupException                              : loaded 2 times (x 82B)
Class [Lkotlin.sequences.Sequence;                                                    : loaded 2 times (x 69B)
Class kotlin.jvm.internal.MutablePropertyReference1Impl                               : loaded 2 times (x 137B)
Class [Lcom.google.common.cache.LocalCache$EntryFactory;                              : loaded 2 times (x 69B)
Class org.gradle.internal.classloader.ClassLoaderFactory                              : loaded 2 times (x 70B)
Class com.google.common.base.CommonPattern                                            : loaded 2 times (x 74B)
Class com.google.common.cache.LocalCache$LocalManualCache                             : loaded 2 times (x 99B)
Class com.google.common.base.CharMatcher$IsNot                                        : loaded 2 times (x 111B)
Class org.gradle.internal.service.CachingServiceLocator                               : loaded 2 times (x 82B)
Class kotlin.jvm.internal.CollectionToArray                                           : loaded 2 times (x 71B)
Class kotlin.jvm.internal.CallableReference                                           : loaded 2 times (x 106B)
Class kotlin.collections.AbstractList$IteratorImpl                                    : loaded 2 times (x 82B)
Class com.google.common.collect.AbstractMapBasedMultimap$KeySet                       : loaded 2 times (x 137B)
Class kotlin.properties.ReadOnlyProperty                                              : loaded 2 times (x 70B)
Class kotlin.jvm.internal.markers.KMutableMap                                         : loaded 2 times (x 70B)
Class kotlin.ranges.IntRange                                                          : loaded 2 times (x 93B)
Class com.google.common.collect.ImmutableMapEntry                                     : loaded 2 times (x 85B)
Class kotlin.enums.EnumEntries                                                        : loaded 2 times (x 70B)
Class com.google.common.base.Equivalence                                              : loaded 2 times (x 82B)
Class com.google.common.base.Function                                                 : loaded 2 times (x 70B)
Class com.google.common.collect.ImmutableMapEntry$NonTerminalImmutableMapEntry        : loaded 2 times (x 85B)
Class kotlin.io.FilesKt__FileTreeWalkKt                                               : loaded 2 times (x 71B)
Class kotlin.jvm.internal.markers.KMutableListIterator                                : loaded 2 times (x 70B)
Class com.google.common.cache.CacheBuilder$OneWeigher                                 : loaded 2 times (x 82B)
Class jdk.internal.jimage.ImageBufferCache                                            : loaded 2 times (x 71B)
Class jdk.internal.jrtfs.JrtPath                                                      : loaded 2 times (x 118B)
Class org.gradle.internal.classloader.ClasspathUtil                                   : loaded 2 times (x 71B)
Class kotlin.sequences.EmptySequence                                                  : loaded 2 times (x 78B)
Class kotlin.io.FileSystemException                                                   : loaded 2 times (x 82B)
Class com.google.common.util.concurrent.Uninterruptibles                              : loaded 2 times (x 71B)
Class kotlin.jvm.internal.DefaultConstructorMarker                                    : loaded 2 times (x 71B)
Class kotlin.jvm.internal.PropertyReference1                                          : loaded 2 times (x 127B)
Class com.google.common.util.concurrent.LazyLogger                                    : loaded 2 times (x 72B)
Class com.google.common.collect.Maps                                                  : loaded 2 times (x 71B)
Class org.gradle.api.specs.Spec                                                       : loaded 2 times (x 70B)
Class kotlin.jvm.internal.MutablePropertyReference                                    : loaded 2 times (x 119B)
Class kotlin.UnsafeLazyImpl                                                           : loaded 2 times (x 76B)
Class kotlin.LazyKt__LazyJVMKt$WhenMappings                                           : loaded 2 times (x 71B)
Class [Lcom.google.common.collect.ImmutableEntry;                                     : loaded 2 times (x 69B)
Class kotlin.jvm.internal.ArrayIterator                                               : loaded 2 times (x 79B)
Class kotlin.LazyThreadSafetyMode                                                     : loaded 2 times (x 79B)
Class com.google.common.cache.LocalCache$LoadingValueReference                        : loaded 2 times (x 96B)
Class jdk.internal.jimage.decompressor.ResourceDecompressorRepository                 : loaded 2 times (x 71B)
Class kotlin.jvm.internal.SpreadBuilder                                               : loaded 2 times (x 76B)
Class kotlin.collections.EmptyIterator                                                : loaded 2 times (x 89B)
Class kotlin.text.StringsKt__RegexExtensionsKt                                        : loaded 2 times (x 71B)
Class kotlin.SynchronizedLazyImpl                                                     : loaded 2 times (x 76B)
Class com.google.common.base.Platform                                                 : loaded 2 times (x 71B)
Class jdk.internal.jimage.ImageReader$Directory                                       : loaded 2 times (x 84B)
Class kotlin.io.FilePathComponents                                                    : loaded 2 times (x 72B)
Class kotlin.coroutines.jvm.internal.RestrictedSuspendLambda                          : loaded 2 times (x 91B)
Class kotlin.sequences.SequencesKt__SequencesJVMKt                                    : loaded 2 times (x 71B)
Class kotlin.collections.AbstractList                                                 : loaded 2 times (x 197B)
Class kotlin.collections.AbstractCollection                                           : loaded 2 times (x 117B)
Class com.google.devtools.ksp.processing.KspGradleLogger$Companion                    : loaded 2 times (x 71B)
Class [Lorg.objectweb.asm.AnnotationWriter;                                           : loaded 2 times (x 69B)
Class com.google.common.collect.Maps$8                                                : loaded 2 times (x 82B)
Class kotlin.text.Regex                                                               : loaded 2 times (x 72B)
Class kotlin.sequences.SequencesKt__SequenceBuilderKt$sequence$$inlined$Sequence$1    : loaded 2 times (x 75B)
Class kotlin.text.StringsKt__StringBuilderJVMKt                                       : loaded 2 times (x 71B)
Class kotlin.collections.ArrayAsCollection                                            : loaded 2 times (x 105B)
Class kotlin.LazyKt__LazyKt                                                           : loaded 2 times (x 71B)
Class com.google.common.collect.Sets$SetView                                          : loaded 2 times (x 138B)
Class com.google.common.cache.LocalCache$StrongValueReference                         : loaded 2 times (x 90B)
Class kotlin.jvm.internal.ReflectionFactory                                           : loaded 2 times (x 91B)
Class kotlin.jvm.internal.Ref$ObjectRef                                               : loaded 2 times (x 72B)
Class kotlin.UNINITIALIZED_VALUE                                                      : loaded 2 times (x 71B)
Class org.objectweb.asm.Type                                                          : loaded 2 times (x 72B)
Class org.gradle.internal.classloader.VisitableURLClassLoader$InstrumentingVisitableURLClassLoader: loaded 2 times (x 123B)
Class jdk.internal.jimage.BasicImageReader                                            : loaded 2 times (x 95B)
Class kotlin.comparisons.ComparisonsKt__ComparisonsKt                                 : loaded 2 times (x 71B)
Class kotlin.jvm.internal.ClassBasedDeclarationContainer                              : loaded 2 times (x 70B)
Class kotlin.coroutines.Continuation                                                  : loaded 2 times (x 70B)
Class kotlin.ranges.RangesKt__RangesKt                                                : loaded 2 times (x 71B)
Class kotlin.sequences.SequencesKt__SequencesKt                                       : loaded 2 times (x 71B)
Class kotlin.collections.SetsKt___SetsKt                                              : loaded 2 times (x 71B)
Class org.objectweb.asm.ByteVector                                                    : loaded 2 times (x 79B)
Class [Lcom.google.common.cache.CacheBuilder$NullListener;                            : loaded 2 times (x 69B)
Class org.gradle.internal.classloader.VisitableURLClassLoader$Spec                    : loaded 2 times (x 74B)
Class org.gradle.internal.classpath.DefaultClassPath                                  : loaded 2 times (x 90B)
Class jdk.internal.jimage.decompressor.ZipDecompressorFactory                         : loaded 2 times (x 74B)
Class kotlin.comparisons.ComparisonsKt                                                : loaded 2 times (x 71B)
Class kotlin.comparisons.ComparisonsKt___ComparisonsKt                                : loaded 2 times (x 71B)
Class kotlin.Result$Companion                                                         : loaded 2 times (x 71B)
Class kotlin.coroutines.jvm.internal.BaseContinuationImpl                             : loaded 2 times (x 87B)
Class kotlin.text.CharsKt__CharJVMKt                                                  : loaded 2 times (x 71B)
Class kotlin.sequences.FilteringSequence                                              : loaded 2 times (x 75B)
Class com.google.devtools.ksp.processing.KspGradleLogger                              : loaded 2 times (x 79B)
Class org.objectweb.asm.Symbol                                                        : loaded 2 times (x 73B)
Class org.gradle.internal.classloader.FilteringClassLoader                            : loaded 2 times (x 105B)
Class kotlin.reflect.KType                                                            : loaded 2 times (x 70B)
Class com.google.common.base.CharMatcher$BitSetMatcher                                : loaded 2 times (x 112B)
Class com.google.common.collect.RegularImmutableMap$Values                            : loaded 2 times (x 207B)
Class org.gradle.internal.classloader.ClassLoaderSpec                                 : loaded 2 times (x 71B)
Class kotlin.jvm.internal.FunctionReferenceImpl                                       : loaded 2 times (x 122B)
Class kotlin.text.DelimitedRangesSequence                                             : loaded 2 times (x 75B)
Class kotlin.collections.CollectionsKt___CollectionsJvmKt                             : loaded 2 times (x 71B)
Class org.objectweb.asm.AnnotationWriter                                              : loaded 2 times (x 79B)
Class com.google.common.cache.CacheStats                                              : loaded 2 times (x 71B)
Class kotlin.time.DurationKt                                                          : loaded 2 times (x 71B)
Class kotlin.jdk7.AutoCloseableKt                                                     : loaded 2 times (x 71B)
Class kotlin.TuplesKt                                                                 : loaded 2 times (x 71B)
Class kotlin.jvm.internal.markers.KMutableIterable                                    : loaded 2 times (x 70B)
Class kotlin.sequences.SequencesKt___SequencesJvmKt                                   : loaded 2 times (x 71B)
Class kotlin.Unit                                                                     : loaded 2 times (x 71B)
Class org.objectweb.asm.RecordComponentWriter                                         : loaded 2 times (x 78B)
Class com.google.common.util.concurrent.AbstractFuture$Listener                       : loaded 2 times (x 72B)
Class com.google.common.base.CharMatcher$Or                                           : loaded 2 times (x 112B)
Class Settings_gradle$1$1                                                             : loaded 2 times (x 74B)
Class kotlin.io.FileTreeWalk$DirectoryState                                           : loaded 2 times (x 73B)
Class kotlin.ranges.RangesKt                                                          : loaded 2 times (x 71B)
Class org.objectweb.asm.Attribute                                                     : loaded 2 times (x 77B)
Class com.google.common.base.Supplier                                                 : loaded 2 times (x 70B)
Class org.gradle.internal.classloader.VisitableURLClassLoader                         : loaded 2 times (x 117B)
Class kotlin.sequences.FlatteningSequence$iterator$1                                  : loaded 2 times (x 79B)
Class kotlin.collections.ArraysUtilJVM                                                : loaded 2 times (x 71B)
Class kotlin.jvm.functions.Function0                                                  : loaded 2 times (x 70B)
Class Settings_gradle                                                                 : loaded 2 times (x 124B)
Class org.gradle.internal.Cast                                                        : loaded 2 times (x 71B)
Class org.gradle.api.Action                                                           : loaded 2 times (x 70B)
Class jdk.internal.jimage.decompressor.ZipDecompressor                                : loaded 2 times (x 75B)
Class kotlin.properties.ReadWriteProperty                                             : loaded 2 times (x 70B)
Class kotlin.collections.AbstractMutableList                                          : loaded 2 times (x 206B)
Class kotlin.jvm.functions.Function1                                                  : loaded 2 times (x 70B)
Class com.google.common.base.Strings                                                  : loaded 2 times (x 71B)
Class com.google.common.collect.Sets                                                  : loaded 2 times (x 71B)
Class org.objectweb.asm.Handler                                                       : loaded 2 times (x 72B)
Class com.google.common.base.Ticker                                                   : loaded 2 times (x 72B)
Class com.google.common.base.CharMatcher$FastMatcher                                  : loaded 2 times (x 111B)
Class kotlin.jvm.internal.markers.KMutableIterator                                    : loaded 2 times (x 70B)
Class kotlin.jvm.functions.Function2                                                  : loaded 2 times (x 70B)
Class kotlin.KotlinNothingValueException                                              : loaded 2 times (x 82B)
Class com.google.devtools.ksp.processing.KSPConfig                                    : loaded 2 times (x 72B)
Class [Lcom.google.common.cache.LocalCache$Segment;                                   : loaded 2 times (x 69B)
Class [Lcom.google.common.cache.LocalCache$Strength;                                  : loaded 2 times (x 69B)
Class com.google.common.cache.CacheBuilder$1                                          : loaded 2 times (x 85B)
Class com.google.common.base.Predicate                                                : loaded 2 times (x 70B)
Class com.google.common.collect.ImmutableMap                                          : loaded 2 times (x 120B)
Class org.gradle.internal.classpath.DefaultClassPath$ImmutableUniqueList$Builder      : loaded 2 times (x 75B)
Class kotlin.io.FileTreeWalk$WalkState                                                : loaded 2 times (x 73B)
Class kotlin.jvm.functions.Function3                                                  : loaded 2 times (x 70B)
Class kotlin.collections.MapsKt___MapsJvmKt                                           : loaded 2 times (x 71B)
Class com.google.common.cache.LocalCache                                              : loaded 2 times (x 187B)
Class com.google.common.cache.CacheBuilder$2                                          : loaded 2 times (x 79B)
Class com.google.common.base.CharMatcher$NegatedFastMatcher                           : loaded 2 times (x 113B)
Class kotlin.jvm.functions.Function4                                                  : loaded 2 times (x 70B)
Class kotlin.annotation.Target                                                        : loaded 2 times (x 70B)
Class kotlin.collections.EmptySet                                                     : loaded 2 times (x 122B)
Class kotlin.collections.CollectionsKt___CollectionsKt                                : loaded 2 times (x 71B)
Class com.google.common.collect.ArrayListMultimap                                     : loaded 2 times (x 172B)
Class com.google.common.cache.CacheBuilder$3                                          : loaded 2 times (x 72B)
Class [Lcom.google.common.collect.AbstractMapEntry;                                   : loaded 2 times (x 69B)
Class com.google.common.collect.ImmutableEntry                                        : loaded 2 times (x 82B)
Class org.gradle.api.GradleException                                                  : loaded 2 times (x 82B)
Class jdk.internal.jimage.ImageStrings                                                : loaded 2 times (x 70B)
Class kotlin.jvm.functions.Function5                                                  : loaded 2 times (x 70B)
Class kotlin.annotation.Retention                                                     : loaded 2 times (x 70B)
Class kotlin.reflect.KDeclarationContainer                                            : loaded 2 times (x 70B)
Class kotlin.text.StringsKt___StringsJvmKt                                            : loaded 2 times (x 71B)
Class com.google.common.collect.CollectPreconditions                                  : loaded 2 times (x 71B)
Class kotlin.jvm.functions.Function6                                                  : loaded 2 times (x 70B)
Class kotlin.io.FilesKt                                                               : loaded 2 times (x 71B)
Class kotlin.collections.ArraysKt___ArraysKt                                          : loaded 2 times (x 71B)
Class kotlin.collections.MapsKt___MapsKt                                              : loaded 2 times (x 71B)
Class com.google.common.collect.SortedMapDifference                                   : loaded 2 times (x 70B)
Class [Lkotlin.time.DurationUnit;                                                     : loaded 2 times (x 69B)
Class kotlin.jvm.functions.Function7                                                  : loaded 2 times (x 70B)
Class kotlin.sequences.SequencesKt___SequencesKt$asIterable$$inlined$Iterable$1       : loaded 2 times (x 79B)
Class kotlin.collections.MapsKt__MapWithDefaultKt                                     : loaded 2 times (x 71B)
Class com.google.common.cache.LocalCache$EntryFactory                                 : loaded 2 times (x 83B)
Class [Lkotlin.annotation.AnnotationRetention;                                        : loaded 2 times (x 69B)
Class kotlin.jvm.functions.Function8                                                  : loaded 2 times (x 70B)
Class kotlin.collections.builders.MapBuilder$Companion                                : loaded 2 times (x 71B)
Class kotlin.text.StringsKt___StringsKt                                               : loaded 2 times (x 71B)
Class kotlin.collections.CollectionsKt__MutableCollectionsJVMKt                       : loaded 2 times (x 71B)
Class kotlin.enums.EnumEntriesKt                                                      : loaded 2 times (x 71B)
Class com.google.common.cache.LocalCache$AbstractReferenceEntry                       : loaded 2 times (x 107B)
Class org.gradle.internal.IoActions                                                   : loaded 2 times (x 71B)
Class com.google.common.collect.RegularImmutableMap$KeySet                            : loaded 2 times (x 152B)
Class kotlin.annotation.MustBeDocumented                                              : loaded 2 times (x 70B)
Class kotlin.jvm.functions.Function10                                                 : loaded 2 times (x 70B)
Class kotlin.jvm.functions.Function9                                                  : loaded 2 times (x 70B)
Class [Lkotlin.reflect.KClassifier;                                                   : loaded 2 times (x 69B)
Class [Lkotlin.LazyThreadSafetyMode;                                                  : loaded 2 times (x 69B)
Class org.objectweb.asm.SymbolTable                                                   : loaded 2 times (x 72B)
Class com.google.common.cache.CacheLoader$InvalidCacheLoadException                   : loaded 2 times (x 82B)
Class org.gradle.internal.classloader.SystemClassLoaderSpec                           : loaded 2 times (x 71B)
Class kotlin.jvm.functions.Function11                                                 : loaded 2 times (x 70B)
Class kotlin.reflect.KAnnotatedElement                                                : loaded 2 times (x 70B)
Class kotlin.jvm.internal.markers.KMutableCollection                                  : loaded 2 times (x 70B)
Class kotlin.coroutines.intrinsics.IntrinsicsKt                                       : loaded 2 times (x 71B)
Class kotlin.ranges.IntRange$Companion                                                : loaded 2 times (x 71B)
Class kotlin.collections.EmptyMap                                                     : loaded 2 times (x 108B)
Class kotlin.jvm.internal.Intrinsics                                                  : loaded 2 times (x 71B)
Class com.google.common.cache.LocalCache$StrongEntry                                  : loaded 2 times (x 108B)
Class com.google.common.util.concurrent.AbstractFuture$TrustedFuture                  : loaded 2 times (x 114B)
Class com.google.common.cache.LoadingCache                                            : loaded 2 times (x 70B)
Class jdk.internal.jrtfs.JrtFileSystem                                                : loaded 2 times (x 102B)
Class kotlin.jvm.functions.Function12                                                 : loaded 2 times (x 70B)
Class kotlin.coroutines.intrinsics.CoroutineSingletons                                : loaded 2 times (x 79B)
Class kotlin.collections.MapsKt                                                       : loaded 2 times (x 71B)
Class kotlin.collections.CollectionsKt__IterablesKt                                   : loaded 2 times (x 71B)
Class org.objectweb.asm.MethodWriter                                                  : loaded 2 times (x 106B)
Class [Lcom.google.common.cache.Weigher;                                              : loaded 2 times (x 69B)
Class com.google.common.collect.RegularImmutableMap$BucketOverflowException           : loaded 2 times (x 82B)
Class jdk.internal.jimage.decompressor.CompressedResourceHeader                       : loaded 2 times (x 71B)
Class kotlin.jvm.functions.Function13                                                 : loaded 2 times (x 70B)
Class kotlin.sequences.SequenceBuilderIterator                                        : loaded 2 times (x 85B)
Class kotlin.text.Charsets                                                            : loaded 2 times (x 71B)
Class kotlin.ranges.OpenEndRange                                                      : loaded 2 times (x 70B)
Class kotlin.KotlinNullPointerException                                               : loaded 2 times (x 83B)
Class kotlin.jvm.functions.Function14                                                 : loaded 2 times (x 70B)
Class kotlin.ranges.RangesKt___RangesKt                                               : loaded 2 times (x 71B)
Class com.google.common.collect.RegularImmutableBiMap                                 : loaded 2 times (x 149B)
Class com.google.common.cache.LocalCache$ValueReference                               : loaded 2 times (x 70B)
Class com.google.common.base.CharMatcher$Negated                                      : loaded 2 times (x 113B)
Class com.google.common.base.CharMatcher$Is                                           : loaded 2 times (x 111B)
Class com.google.common.base.Equivalence$Identity                                     : loaded 2 times (x 82B)
Class com.google.common.base.PairwiseEquivalence                                      : loaded 2 times (x 83B)
Class kotlin.collections.ArrayDeque$Companion                                         : loaded 2 times (x 71B)
Class kotlin.jvm.functions.Function15                                                 : loaded 2 times (x 70B)
Class kotlin.coroutines.jvm.internal.Boxing                                           : loaded 2 times (x 71B)
Class kotlin.text.CharsKt__CharKt                                                     : loaded 2 times (x 71B)
Class kotlin.collections.ArraysKt                                                     : loaded 2 times (x 71B)
Class com.google.common.base.PatternCompiler                                          : loaded 2 times (x 70B)
Class com.google.common.util.concurrent.AbstractFuture$Failure                        : loaded 2 times (x 72B)
Class com.google.common.base.Equivalence$Equals                                       : loaded 2 times (x 82B)
Class kotlin.NotImplementedError                                                      : loaded 2 times (x 82B)
Class kotlin.jvm.functions.Function16                                                 : loaded 2 times (x 70B)
Class kotlin.coroutines.EmptyCoroutineContext                                         : loaded 2 times (x 77B)
Class kotlin.collections.SetsKt__SetsKt                                               : loaded 2 times (x 71B)
Class kotlin.LazyKt                                                                   : loaded 2 times (x 71B)
Class com.google.common.base.Joiner$1                                                 : loaded 2 times (x 80B)
Class org.objectweb.asm.Label                                                         : loaded 2 times (x 73B)
Class org.objectweb.asm.CurrentFrame                                                  : loaded 2 times (x 73B)
Class org.objectweb.asm.ClassTooLargeException                                        : loaded 2 times (x 83B)
Class com.google.common.base.CharMatcher                                              : loaded 2 times (x 111B)
Class kotlin.InitializedLazyImpl                                                      : loaded 2 times (x 76B)
Class kotlin.jvm.functions.Function17                                                 : loaded 2 times (x 70B)
Class kotlin.collections.ArraysKt__ArraysJVMKt                                        : loaded 2 times (x 71B)
Class com.google.common.base.Joiner$2                                                 : loaded 2 times (x 79B)
Class org.objectweb.asm.Frame                                                         : loaded 2 times (x 73B)
Class org.objectweb.asm.MethodVisitor                                                 : loaded 2 times (x 105B)
Class com.google.common.cache.LocalCache$EntryFactory$1                               : loaded 2 times (x 83B)
Class [Lcom.google.common.cache.RemovalListener;                                      : loaded 2 times (x 69B)
Class com.google.common.base.CharMatcher$1                                            : loaded 2 times (x 113B)
Class com.google.common.base.CharMatcher$NamedFastMatcher                             : loaded 2 times (x 112B)
Class kotlin.jvm.functions.Function18                                                 : loaded 2 times (x 70B)
Class kotlin.jvm.internal.CallableReference$NoReceiver                                : loaded 2 times (x 71B)
Class kotlin.text.StringsKt__StringBuilderKt                                          : loaded 2 times (x 71B)
Class com.google.common.cache.LocalCache$EntryFactory$2                               : loaded 2 times (x 83B)
Class org.gradle.api.internal.classpath.GlobalCacheRootsProvider                      : loaded 2 times (x 70B)
Class kotlin.jvm.functions.Function19                                                 : loaded 2 times (x 70B)
Class kotlin.reflect.KMutableProperty$Setter                                          : loaded 2 times (x 70B)
Class kotlin.Lazy                                                                     : loaded 2 times (x 70B)
Class kotlin.NoWhenBranchMatchedException                                             : loaded 2 times (x 82B)
Class org.objectweb.asm.ModuleWriter                                                  : loaded 2 times (x 82B)
Class com.google.common.cache.LocalCache$EntryFactory$3                               : loaded 2 times (x 83B)
Class com.google.common.base.Ticker$1                                                 : loaded 2 times (x 72B)
Class com.google.common.collect.Maps$BiMapConverter                                   : loaded 2 times (x 90B)
Class com.google.common.collect.ImmutableMapEntrySet$RegularEntrySet                  : loaded 2 times (x 152B)
Class com.google.common.collect.ImmutableSet$Builder                                  : loaded 2 times (x 85B)
Class com.google.common.cache.LocalCache$EntryFactory$4                               : loaded 2 times (x 83B)
Class com.google.common.base.CharMatcher$InRange                                      : loaded 2 times (x 111B)
Class com.google.common.cache.LocalCache$EntryFactory$5                               : loaded 2 times (x 83B)
Class kotlin.time.Duration                                                            : loaded 2 times (x 74B)
Class [Lkotlin.reflect.KProperty;                                                     : loaded 2 times (x 69B)
Class kotlin.jvm.internal.markers.KMappedMarker                                       : loaded 2 times (x 70B)
Class kotlin.text.StringsKt__StringsKt                                                : loaded 2 times (x 71B)
Class com.google.common.cache.LocalCache$EntryFactory$6                               : loaded 2 times (x 83B)
Class org.gradle.internal.installation.CurrentGradleInstallationLocator               : loaded 2 times (x 71B)
Class kotlin.io.TextStreamsKt                                                         : loaded 2 times (x 71B)
Class kotlin.coroutines.jvm.internal.SpillingKt                                       : loaded 2 times (x 71B)
Class [Lkotlin.io.FileWalkDirection;                                                  : loaded 2 times (x 69B)
Class com.google.common.collect.Maps$KeySet                                           : loaded 2 times (x 137B)
Class com.google.common.collect.ImmutableSet$EmptySetBuilderImpl                      : loaded 2 times (x 76B)
Class com.google.common.cache.LocalCache$EntryFactory$7                               : loaded 2 times (x 83B)
Class org.gradle.internal.service.DefaultServiceLocator                               : loaded 2 times (x 83B)
Class kotlin.coroutines.jvm.internal.CompletedContinuation                            : loaded 2 times (x 75B)
Class kotlin.reflect.KMutableProperty0                                                : loaded 2 times (x 70B)
Class kotlin.reflect.KClassifier                                                      : loaded 2 times (x 70B)
Class kotlin.io.FileTreeWalk                                                          : loaded 2 times (x 75B)
Class kotlin.coroutines.jvm.internal.SuspendFunction                                  : loaded 2 times (x 70B)
Class com.google.common.cache.LocalCache$EntryFactory$8                               : loaded 2 times (x 83B)
Class org.gradle.internal.installation.CurrentGradleInstallation                      : loaded 2 times (x 73B)
Class kotlin.sequences.DropTakeSequence                                               : loaded 2 times (x 70B)
Class kotlin.jvm.internal.Ref$BooleanRef                                              : loaded 2 times (x 71B)
Class kotlin.jvm.internal.StringCompanionObject                                       : loaded 2 times (x 71B)
Class kotlin.reflect.KMutableProperty1                                                : loaded 2 times (x 70B)
Class kotlin.coroutines.intrinsics.IntrinsicsKt__IntrinsicsJvmKt                      : loaded 2 times (x 71B)
Class kotlin.coroutines.jvm.internal.CoroutineStackFrame                              : loaded 2 times (x 70B)
Class com.google.common.cache.CacheLoader$1                                           : loaded 2 times (x 75B)
Class org.gradle.util.internal.GUtil                                                  : loaded 2 times (x 71B)
Class kotlin.reflect.KMutableProperty2                                                : loaded 2 times (x 70B)
Class kotlin.io.NoSuchFileException                                                   : loaded 2 times (x 82B)
Class kotlin.collections.CollectionsKt                                                : loaded 2 times (x 71B)
Class com.google.common.cache.AbstractCache$StatsCounter                              : loaded 2 times (x 70B)
Class kotlin.io.FilesKt__FileReadWriteKt                                              : loaded 2 times (x 71B)
Class kotlin.sequences.FlatteningSequence                                             : loaded 2 times (x 75B)
Class kotlin.time.DurationUnitKt                                                      : loaded 2 times (x 71B)
Class kotlin.coroutines.jvm.internal.DebugProbesKt                                    : loaded 2 times (x 71B)
Class kotlin.coroutines.CoroutineContext                                              : loaded 2 times (x 70B)
Class org.gradle.internal.installation.GradleInstallation                             : loaded 2 times (x 75B)
Class jdk.internal.jimage.decompressor.ResourceDecompressor$StringsProvider           : loaded 2 times (x 70B)
Class com.google.common.collect.Iterables                                             : loaded 2 times (x 71B)
Class kotlin.io.FileWalkDirection                                                     : loaded 2 times (x 79B)
Class kotlin.jvm.KotlinReflectionNotSupportedError                                    : loaded 2 times (x 82B)
Class kotlin.ranges.IntProgression                                                    : loaded 2 times (x 81B)

---------------  S Y S T E M  ---------------

OS:
 Windows 11 , 64 bit Build 26100 (10.0.26100.9168)
OS uptime: 0 days 6:39 hours
Hyper-V role detected

CPU: total 8 (initial active 8) (4 cores per cpu, 2 threads per core) family 6 model 158 stepping 9 microcode 0xde, cx8, cmov, fxsr, ht, mmx, 3dnowpref, sse, sse2, sse3, ssse3, sse4.1, sse4.2, popcnt, lzcnt, tsc, tscinvbit, avx, avx2, aes, erms, clmul, bmi1, bmi2, rtm, adx, fma, vzeroupper, clflush, clflushopt, hv, rdtscp, f16c
Processor Information for the first 8 processors :
  Max Mhz: 3601, Current Mhz: 3601, Mhz Limit: 3601

Memory: 4k page, system-wide physical 8073M (350M free)
TotalPageFile size 14386M (AvailPageFile size 5M)
current process WorkingSet (physical memory assigned to process): 660M, peak: 718M
current process commit charge ("private bytes"): 806M, peak: 807M

vm_info: OpenJDK 64-Bit Server VM (21.0.9+-14787801-b1163.94) for windows-amd64 JRE (21.0.9+-14787801-b1163.94), built on 2026-01-27T21:15:44Z by "builder" with MS VC++ 16.10 / 16.11 (VS2019)

END.
